Store,Date,Weekly_Sales,Holiday_Flag,Temperature,Fuel_Price,CPI,Unemployment,Year,Quarter,Is_month_end,Day_sin,day_cos,Month_sin,Month_cos,Lag_1,Rolling_4,Rolling_12,Fuel_Change,CPI_Change,Unemployment_Rel,Month,Week,Is_Thanksgiving,Is_Christmas
1,2010-09-10,1507460.69,1,78.69,2.565,211.4951902,7.787,2010,3,0,-0.433883739117558,-0.9009688679024191,-1.0,-1.8369701987210297e-16,1641957.44,1574709.065,1574709.065,0.006671899529042458,0.0011977741008792897,1.0078823727365682,9,36,0,0
1,2010-11-26,1955624.11,1,64.52,2.735,211.7484333,7.838,2010,4,0,-0.433883739117558,-0.9009688679024191,-0.5000000000000004,0.8660254037844384,1507460.69,1701680.7466666668,1701680.7466666668,0.06627680311890827,0.0011973941334577631,1.014483374535665,11,47,1,0
1,2010-12-31,1367320.01,1,48.43,2.943,211.4049321,7.838,2010,4,1,-0.433883739117558,-0.9009688679024191,-2.4492935982947064e-16,1.0,1955624.11,1618090.5625,1618090.5625,0.07605118829981716,-0.0016222136553583066,1.014483374535665,12,52,0,1
1,2011-02-11,1649614.93,1,36.39,3.022,212.9367046,7.742,2011,1,0,-0.433883739117558,-0.9009688679024191,0.8660254037844386,0.5000000000000001,1367320.01,1620004.935,1624395.436,0.02684335711858643,0.007245680054784431,1.0020579593844243,2,6,0,0
1,2011-09-09,1540471.24,1,76.0,3.546,215.861056,7.962,2011,3,0,-0.433883739117558,-0.9009688679024191,-1.0,-1.8369701987210297e-16,1649614.93,1628257.5725,1610408.07,0.17339510258107205,0.013733430342567576,1.0305328691060172,9,36,0,0
1,2011-11-25,2033320.66,1,60.14,3.236,218.4676211,7.866,2011,4,0,-0.433883739117558,-0.9009688679024191,-0.5000000000000004,0.8660254037844384,1540471.24,1647681.71,1670824.1542857143,-0.08742244782853914,0.012075198501762197,1.0181074539547768,11,47,1,0
1,2011-12-30,1497462.72,1,44.55,3.129,219.5359898,7.866,2011,4,0,-0.433883739117558,-0.9009688679024191,-2.4492935982947064e-16,1.0,2033320.66,1680217.3875,1649153.975,-0.03306551297898641,0.0048902839451479,1.0181074539547768,12,52,0,1
1,2012-02-10,1802477.43,1,48.02,3.409,220.2651783,7.348,2012,1,0,-0.433883739117558,-0.9009688679024191,0.8660254037844386,0.5000000000000001,1497462.72,1718433.0125,1666189.9144444445,0.08948545861297541,0.003321498678482193,0.9510619847012076,2,6,0,0
1,2012-09-07,1661767.33,1,83.96,3.73,222.4390153,6.908,2012,3,0,-0.433883739117558,-0.9009688679024191,-1.0,-1.8369701987210297e-16,1802477.43,1748757.035,1665747.656,0.09416251100029349,0.00986918139661297,0.8941121652580216,9,36,0,0
2,2010-09-10,1839128.83,1,79.09,2.565,211.1532104,8.099,2010,3,0,-0.433883739117558,-0.9009688679024191,-1.0,-1.8369701987210297e-16,2137809.5,1988469.165,1988469.165,0.006671899529042458,0.0012101438034781697,1.0500045376168436,9,36,0,0
2,2010-11-26,2658725.29,1,62.98,2.735,211.4062867,8.163,2010,4,0,-0.433883739117558,-0.9009688679024191,-0.5000000000000004,0.8660254037844384,1839128.83,2211887.8733333335,2211887.8733333335,0.06627680311890827,0.0011985434629224745,1.0583018941309168,11,47,1,0
2,2010-12-31,1750434.55,1,47.3,2.943,211.064774,8.163,2010,4,1,-0.433883739117558,-0.9009688679024191,-2.4492935982947064e-16,1.0,2658725.29,2096524.5425,2096524.5425,0.07605118829981716,-0.0016154330381131787,1.0583018941309168,12,52,0,1
2,2011-02-11,2168041.61,1,33.19,3.022,212.5928624,8.028,2011,1,0,-0.433883739117558,-0.9009688679024191,0.8660254037844386,0.5000000000000001,1750434.55,2104082.5700000003,2110827.9560000002,0.02684335711858643,0.007239902571331003,1.040799657734044,2,6,0,0
2,2011-09-09,1748000.65,1,77.97,3.546,215.5148295,7.852,2011,3,0,-0.433883739117558,-0.9009688679024191,-1.0,-1.8369701987210297e-16,2168041.61,2081300.525,2050356.7383333333,0.17339510258107205,0.013744427103588253,1.017981927320343,9,36,0,0
2,2011-11-25,2614202.3,1,56.36,3.236,218.1130269,7.441,2011,4,0,-0.433883739117558,-0.9009688679024191,-0.5000000000000004,0.8660254037844384,1748000.65,2070169.7774999999,2130906.104285714,-0.08742244782853914,0.01205577085357823,0.9646973409565297,11,47,1,0
2,2011-12-30,1874226.52,1,44.57,3.129,219.1773063,7.441,2011,4,0,-0.433883739117558,-0.9009688679024191,-2.4492935982947064e-16,1.0,2614202.3,2101117.77,2098821.15625,-0.03306551297898641,0.004879485719520682,0.9646973409565297,12,52,0,1
2,2012-02-10,2103322.68,1,46.98,3.409,219.9049073,7.057,2012,1,0,-0.433883739117558,-0.9009688679024191,0.8660254037844386,0.5000000000000001,1874226.52,2084938.0375,2099321.3255555555,0.08948545861297541,0.003319691314227935,0.9149132018720912,2,6,0,0
2,2012-09-07,1898777.07,1,87.65,3.73,222.0747635,6.565,2012,3,0,-0.433883739117558,-0.9009688679024191,-1.0,-1.8369701987210297e-16,2103322.68,2122632.1425,2079266.9,0.09416251100029349,0.00986724774195169,0.8511272736701543,9,36,0,0
3,2010-09-10,352260.97,1,80.84,2.565,214.8065431,7.346,2010,3,0,-0.433883739117558,-0.9009688679024191,-1.0,-1.8369701987210297e-16,420728.96,386494.96499999997,386494.96499999997,0.006671899529042458,0.0010800499829077825,1.0129479736903793,9,36,0,0
3,2010-11-26,565567.84,1,68.71,2.735,215.0614025,7.564,2010,4,0,-0.433883739117558,-0.9009688679024191,-0.5000000000000004,0.8660254037844384,352260.97,446185.92333333334,446185.92333333334,0.06627680311890827,0.0011864601344167003,1.0430082320982887,11,47,1,0
3,2010-12-31,382677.76,1,53.2,2.943,214.6986466,7.564,2010,4,1,-0.433883739117558,-0.9009688679024191,-2.4492935982947064e-16,1.0,565567.84,430308.8825,430308.8825,0.07605118829981716,-0.0016867550187208424,1.0430082320982887,12,52,0,1
3,2011-02-11,430526.21,1,43.57,3.022,216.2660913,7.551,2011,1,0,-0.433883739117558,-0.9009688679024191,0.8660254037844386,0.5000000000000001,382677.76,432758.195,430352.34800000006,0.02684335711858643,0.007300673408157543,1.0412156478813033,2,6,0,0
3,2011-09-09,377347.49,1,81.72,3.546,219.2135305,7.567,2011,3,0,-0.433883739117558,-0.9009688679024191,-1.0,-1.8369701987210297e-16,430526.21,439029.825,421518.205,0.17339510258107205,0.013628762522513771,1.0434219053791316,9,36,0,0
3,2011-11-25,556925.19,1,68.0,3.236,221.9011185,7.197,2011,4,0,-0.433883739117558,-0.9009688679024191,-0.5000000000000004,0.8660254037844384,377347.49,436869.1625,440862.06,-0.08742244782853914,0.0122601373823501,0.992402200741854,11,47,1,0
3,2011-12-30,410553.88,1,48.29,3.129,223.0090839,7.197,2011,4,0,-0.433883739117558,-0.9009688679024191,-2.4492935982947064e-16,1.0,556925.19,443838.1925,437073.5375,-0.03306551297898641,0.004993059104386743,0.992402200741854,12,52,0,1
3,2012-02-10,473292.47,1,51.65,3.409,223.753643,6.833,2012,1,0,-0.433883739117558,-0.9009688679024191,0.8660254037844386,0.5000000000000001,410553.88,454529.75749999995,441097.86333333334,0.08948545861297541,0.0033386940432160728,0.9422098426662622,2,6,0,0
3,2012-09-07,408229.73,1,84.99,3.73,225.9660263,6.334,2012,3,0,-0.433883739117558,-0.9009688679024191,-1.0,-1.8369701987210297e-16,473292.47,462250.3175,437811.05,0.09416251100029349,0.009887585606818572,0.8734021869527446,9,36,0,0
4,2010-09-10,1865820.81,1,73.54,2.574,126.1145806,7.372,2010,3,0,-0.433883739117558,-0.9009688679024191,-1.0,-1.8369701987210297e-16,2188307.39,2027064.1,2027064.1,0.0003886513797124458,-0.003017302691264434,1.2010671445736512,9,36,0,0
4,2010-12-31,1794868.74,1,38.09,2.955,127.0876774,7.127,2010,4,1,-0.433883739117558,-0.9009688679024191,-2.4492935982947064e-16,1.0,1865820.81,1949665.6466666667,1949665.6466666667,0.14801864801864806,0.0077159738023186986,1.1611510498340223,12,52,0,1
4,2011-02-11,2187847.29,1,33.29,3.033,127.859129,6.51,2011,1,0,-0.433883739117558,-0.9009688679024191,0.8660254037844386,0.5000000000000001,1794868.74,2009211.0575,2009211.0575,0.02639593908629445,0.006070231322049313,1.0606276602244262,2,6,0,0
4,2011-09-09,2093139.01,1,73.34,3.554,129.3686129,5.644,2011,3,0,-0.433883739117558,-0.9009688679024191,-1.0,-1.8369701987210297e-16,2187847.29,1985418.9625,2025996.648,0.17177711836465548,0.011805835936830045,0.9195364845325132,9,36,0,0
4,2011-12-30,2007105.86,1,36.89,3.119,130.0710323,5.143,2011,4,0,-0.433883739117558,-0.9009688679024191,-2.4492935982947064e-16,1.0,2093139.01,2020740.225,2022848.1833333336,-0.12239729881823291,0.005429596748810939,0.8379121438608639,12,52,0,1
4,2012-02-10,2374660.64,1,33.0,3.411,130.3849032,4.607,2012,1,0,-0.433883739117558,-0.9009688679024191,0.8660254037844386,0.5000000000000001,2007105.86,2165688.2,2073107.1057142857,0.09361974991984612,0.0024130730297893255,0.7505855039406961,2,6,0,0
4,2012-09-07,2125104.72,1,82.09,3.709,130.9325484,4.077,2012,3,0,-0.433883739117558,-0.9009688679024191,-1.0,-1.8369701987210297e-16,2374660.64,2150002.5575,2079606.8075,0.08736440926414546,0.004200219400860794,0.6642364010345599,9,36,0,0
5,2010-09-10,306533.08,1,79.86,2.565,212.0499271,6.496,2010,3,0,-0.433883739117558,-0.9009688679024191,-1.0,-1.8369701987210297e-16,311825.7,309179.39,309179.39,0.006671899529042458,0.0011777938936374799,1.0164770682397861,9,36,0,0
5,2010-11-26,488362.61,1,66.15,2.735,212.303441,6.768,2010,4,0,-0.433883739117558,-0.9009688679024191,-0.5000000000000004,0.8660254037844384,306533.08,368907.13000000006,368907.13000000006,0.06627680311890827,0.0011955387274453777,1.0590389159247031,11,47,1,0
5,2010-12-31,298180.18,1,49.79,2.943,211.9567142,6.768,2010,4,1,-0.433883739117558,-0.9009688679024191,-2.4492935982947064e-16,1.0,488362.61,351225.3925,351225.3925,0.07605118829981716,-0.0016331661812302167,1.0590389159247031,12,52,0,1
5,2011-02-11,311590.54,1,38.25,3.022,213.4944627,6.634,2011,1,0,-0.433883739117558,-0.9009688679024191,0.8660254037844386,0.5000000000000001,298180.18,351166.60250000004,343298.42199999996,0.02684335711858643,0.007255011976402992,1.0380709468446336,2,6,0,0
5,2011-09-09,321110.22,1,79.04,3.546,216.4226819,6.529,2011,3,0,-0.433883739117558,-0.9009688679024191,-1.0,-1.8369701987210297e-16,311590.54,354810.88749999995,339600.38833333337,0.17339510258107205,0.013715668139433923,1.0216408218192061,9,36,0,0
5,2011-11-25,507900.07,1,61.93,3.236,219.0428204,6.3,2011,4,0,-0.433883739117558,-0.9009688679024191,-0.5000000000000004,0.8660254037844384,321110.22,359695.2525,363643.2,-0.08742244782853914,0.01210657994345854,0.9858075015256544,11,47,1,0
5,2011-12-30,349624.88,1,45.62,3.129,220.1178226,6.3,2011,4,0,-0.433883739117558,-0.9009688679024191,-2.4492935982947064e-16,1.0,507900.07,372556.4275,361890.91,-0.03306551297898641,0.0049077262520493825,0.9858075015256544,12,52,0,1
5,2012-02-10,349239.88,1,48.57,3.409,220.849586,5.943,2012,1,0,-0.433883739117558,-0.9009688679024191,0.8660254037844386,0.5000000000000001,349624.88,381968.7625,360485.24,0.08948545861297541,0.0033244168571018307,0.9299450764392007,2,6,0,0
5,2012-09-07,350648.91,1,86.3,3.73,223.0298805,5.603,2012,3,0,-0.433883739117558,-0.9009688679024191,-1.0,-1.8369701987210297e-16,349239.88,389353.435,359501.60699999996,0.09416251100029349,0.009872305126259029,0.8767427668330543,9,36,0,0
6,2010-09-10,1424225.44,1,78.78,2.565,213.013312,6.973,2010,3,0,-0.433883739117558,-0.9009688679024191,-1.0,-1.8369701987210297e-16,1606283.86,1515254.65,1515254.65,0.006671899529042458,0.0011433446980677608,1.0418191869238471,9,36,0,0
6,2010-11-26,2267452.4,1,65.79,2.735,213.2672961,7.007,2010,4,0,-0.433883739117558,-0.9009688679024191,-0.5000000000000004,0.8660254037844384,1424225.44,1765987.2333333334,1765987.2333333334,0.06627680311890827,0.0011923390966288583,1.0468990452854432,11,47,1,0
6,2010-12-31,1464050.02,1,49.14,2.943,212.9149674,7.007,2010,4,1,-0.433883739117558,-0.9009688679024191,-2.4492935982947064e-16,1.0,2267452.4,1690502.9300000002,1690502.9300000002,0.07605118829981716,-0.0016520521732259486,1.0468990452854432,12,52,0,1
6,2011-02-11,1486920.17,1,39.38,3.022,214.4630941,6.858,2011,1,0,-0.433883739117558,-0.9009688679024191,0.8660254037844386,0.5000000000000001,1464050.02,1660662.0074999998,1649786.378,0.02684335711858643,0.007271103196289541,1.024637313053742,2,6,0,0
6,2011-09-09,1483574.38,1,80.21,3.546,217.3980304,6.925,2011,3,0,-0.433883739117558,-0.9009688679024191,-1.0,-1.8369701987210297e-16,1486920.17,1675499.2425000002,1622084.3783333332,0.17339510258107205,0.013685041299607015,1.034647622178064,9,36,0,0
6,2011-11-25,2249811.55,1,62.78,3.236,220.0417412,6.551,2011,4,0,-0.433883739117558,-0.9009688679024191,-0.5000000000000004,0.8660254037844384,1483574.38,1671089.0299999998,1711759.6885714286,-0.08742244782853914,0.012160693430090852,0.9787691802005051,11,47,1,0
6,2011-12-30,1598080.52,1,46.8,3.129,221.1282634,6.551,2011,4,0,-0.433883739117558,-0.9009688679024191,-2.4492935982947064e-16,1.0,2249811.55,1704596.655,1697549.7925,-0.03306551297898641,0.004937800410388826,0.9787691802005051,12,52,0,1
6,2012-02-10,1620603.92,1,48.58,3.409,221.8644987,6.132,2012,1,0,-0.433883739117558,-0.9009688679024191,0.8660254037844386,0.5000000000000001,1598080.52,1738017.5924999998,1689000.2511111111,0.08948545861297541,0.0033294491110267277,0.9161673962737745,2,6,0,0
6,2012-09-07,1608077.01,1,86.33,3.73,224.0560076,5.668,2012,3,0,-0.433883739117558,-0.9009688679024191,-1.0,-1.8369701987210297e-16,1620603.92,1769143.25,1680907.927,0.09416251100029349,0.009877690720421661,0.8468422703978725,9,36,0,0
7,2010-09-10,535769.32,1,48.5,2.78,190.3958293,9.017,2010,3,0,-0.433883739117558,-0.9009688679024191,-1.0,-1.8369701987210297e-16,524104.92,529937.12,529937.12,0.08087091757387244,0.004916794009276915,1.0376413997859584,9,36,0,0
7,2010-11-26,835189.26,1,17.95,2.742,191.0121805,9.137,2010,4,0,-0.433883739117558,-0.9009688679024191,-0.5000000000000004,0.8660254037844384,535769.32,631687.8333333334,631687.8333333334,-0.013669064748201398,0.0032372095663337763,1.0514505345285907,11,47,1,0
7,2010-12-31,729572.08,1,13.76,2.829,191.2557002,9.137,2010,4,1,-0.433883739117558,-0.9009688679024191,-2.4492935982947064e-16,1.0,835189.26,656158.895,656158.895,0.03172866520787743,0.0012748909486430815,1.0514505345285907,12,52,0,1
7,2011-02-11,559903.13,1,10.24,3.037,191.8572881,8.818,2011,1,0,-0.433883739117558,-0.9009688679024191,0.8660254037844386,0.5000000000000001,729572.08,665108.4475,636907.742,0.07352421350300453,0.00314546389661019,1.0147412513377598,2,6,0,0
7,2011-09-09,613135.23,1,45.61,3.566,194.6387853,8.622,2011,3,0,-0.433883739117558,-0.9009688679024191,-1.0,-1.8369701987210297e-16,559903.13,684449.9249999999,632945.6566666666,0.17418505103720783,0.014497740625574851,0.9921863312581273,9,36,0,0
7,2011-11-25,949075.87,1,27.6,3.424,195.7704,8.513,2011,4,0,-0.433883739117558,-0.9009688679024191,-0.5000000000000004,0.8660254037844384,613135.23,712921.5774999999,678107.1157142856,-0.03982052720134599,0.005813921918264242,0.979643033866903,11,47,1,0
7,2011-12-30,815915.52,1,15.56,3.119,196.3586101,8.513,2011,4,0,-0.433883739117558,-0.9009688679024191,-2.4492935982947064e-16,1.0,949075.87,734507.4375,695333.16625,-0.08907710280373826,0.003004591603225082,0.979643033866903,12,52,0,1
7,2012-02-10,563460.77,1,18.79,3.103,196.9195056,8.256,2012,1,0,-0.433883739117558,-0.9009688679024191,0.8660254037844386,0.5000000000000001,815915.52,735396.8474999999,680680.6777777778,-0.005129849310676504,0.0028564853851551497,0.9500684702930989,2,6,0,0
7,2012-09-07,597876.55,1,57.84,3.596,198.0950484,7.872,2012,3,0,-0.433883739117558,-0.9009688679024191,-1.0,-1.8369701987210297e-16,563460.77,731582.1775,672400.265,0.1588785046728971,0.005969661544793059,0.9058792391166757,9,36,0,0
8,2010-09-10,831425.2,1,74.34,2.565,214.8528728,6.315,2010,3,0,-0.433883739117558,-0.9009688679024191,-1.0,-1.8369701987210297e-16,994801.4,913113.3,913113.3,0.006671899529042458,0.0010784287103602352,1.0245137007414138,9,36,0,0
8,2010-11-26,1261693.16,1,51.07,2.735,215.1077548,6.433,2010,4,0,-0.433883739117558,-0.9009688679024191,-0.5000000000000004,0.8660254037844384,831425.2,1029306.5866666666,1029306.5866666666,0.06627680311890827,0.0011863094808941543,1.043657424682425,11,47,1,0
8,2010-12-31,773586.49,1,41.47,2.943,214.7447295,6.433,2010,4,1,-0.433883739117558,-0.9009688679024191,-2.4492935982947064e-16,1.0,1261693.16,965376.5625,965376.5625,0.07605118829981716,-0.001687643945414874,1.043657424682425,12,52,0,1
8,2011-02-11,996147.39,1,28.26,3.022,216.3126733,6.262,2011,1,0,-0.433883739117558,-0.9009688679024191,0.8660254037844386,0.5000000000000001,773586.49,965713.0599999999,971530.7279999999,0.02684335711858643,0.0073014308833130315,1.0159152484628238,2,6,0,0
8,2011-09-09,848358.09,1,69.01,3.546,219.2604355,6.425,2011,3,0,-0.433883739117558,-0.9009688679024191,-1.0,-1.8369701987210297e-16,996147.39,969946.2825,951001.955,0.17339510258107205,0.01362732083622209,1.042359545093204,9,36,0,0
8,2011-11-25,1235163.86,1,49.61,3.236,221.9491571,6.123,2011,4,0,-0.433883739117558,-0.9009688679024191,-0.5000000000000004,0.8660254037844384,848358.09,963313.9575,991596.5128571428,-0.08742244782853914,0.012262684756001008,0.9933645906001071,11,47,1,0
8,2011-12-30,858572.22,1,36.33,3.129,223.0576765,6.123,2011,4,0,-0.433883739117558,-0.9009688679024191,-2.4492935982947064e-16,1.0,1235163.86,984560.3899999999,974968.47625,-0.03306551297898641,0.0049944744755239245,0.9933645906001071,12,52,0,1
8,2012-02-10,1021400.42,1,35.71,3.409,223.8024507,5.825,2012,1,0,-0.433883739117558,-0.9009688679024191,0.8660254037844386,0.5000000000000001,858572.22,990873.6475000001,980127.5811111112,0.08948545861297541,0.00333893104100369,0.9450185759016207,2,6,0,0
8,2012-09-07,932160.37,1,80.87,3.73,226.0153733,5.401,2012,3,0,-0.433883739117558,-0.9009688679024191,-1.0,-1.8369701987210297e-16,1021400.42,1011824.2175,975330.86,0.09416251100029349,0.009887838998538623,0.8762309576729018,9,36,0,0
9,2010-09-10,484835.2,1,77.7,2.565,215.0359315,6.442,2010,3,0,-0.433883739117558,-0.9009688679024191,-1.0,-1.8369701987210297e-16,552677.48,518756.33999999997,518756.33999999997,0.006671899529042458,0.0010720299785182963,1.0415689825219485,9,36,0,0
9,2010-11-26,768070.53,1,60.18,2.735,215.2909028,6.56,2010,4,0,-0.433883739117558,-0.9009688679024191,-0.5000000000000004,0.8660254037844384,484835.2,601861.07,601861.07,0.06627680311890827,0.0011857148627274494,1.0606477065110185,11,47,1,0
9,2010-12-31,459770.85,1,45.92,2.943,214.9268131,6.56,2010,4,1,-0.433883739117558,-0.9009688679024191,-2.4492935982947064e-16,1.0,768070.53,566338.515,566338.515,0.07605118829981716,-0.0016911522747351526,1.0606477065110185,12,52,0,1
9,2011-02-11,555279.02,1,34.13,3.022,216.496729,6.416,2011,1,0,-0.433883739117558,-0.9009688679024191,0.8660254037844386,0.5000000000000001,459770.85,566988.9,564126.616,0.02684335711858643,0.007304420874046702,1.037365195880289,2,6,0,0
9,2011-09-09,528784.86,1,75.65,3.546,219.4457675,6.404,2011,3,0,-0.433883739117558,-0.9009688679024191,-1.0,-1.8369701987210297e-16,555279.02,577976.315,558236.3233333334,0.17339510258107205,0.013621630745284774,1.0354249866610614,9,36,0,0
9,2011-11-25,814753.5,1,54.32,3.236,222.1389683,6.054,2011,4,0,-0.433883739117558,-0.9009688679024191,-0.5000000000000004,0.8660254037844384,528784.86,589647.0575,594881.6342857142,-0.08742244782853914,0.012272739778405706,0.9788355511002602,11,47,1,0
9,2011-12-30,549788.36,1,43.41,3.129,223.2496766,6.054,2011,4,0,-0.433883739117558,-0.9009688679024191,-2.4492935982947064e-16,1.0,814753.5,612151.4349999999,589244.975,-0.03306551297898641,0.005000060585948152,0.9788355511002602,12,52,0,1
9,2012-02-10,609736.12,1,44.03,3.409,223.9953006,5.667,2012,1,0,-0.433883739117558,-0.9009688679024191,0.8660254037844386,0.5000000000000001,549788.36,625765.71,591521.7688888889,0.08948545861297541,0.003339865980347856,0.9162638037801741,2,6,0,0
9,2012-09-07,565812.29,1,87.93,3.73,226.2103541,5.277,2012,3,0,-0.433883739117558,-0.9009688679024191,-1.0,-1.8369701987210297e-16,609736.12,635022.5675,588950.821,0.09416251100029349,0.009888839158976426,0.8532070041552813,9,36,0,0
10,2010-09-10,1720530.23,1,84.04,2.961,126.1145806,9.199,2010,3,0,-0.433883739117558,-0.9009688679024191,-1.0,-1.8369701987210297e-16,2176028.52,1948279.375,1948279.375,0.04702970297029707,-0.003017302691264434,1.0893319715203458,9,36,0,0
10,2010-12-31,1707298.14,1,49.67,3.148,127.0876774,9.003,2010,4,1,-0.433883739117558,-0.9009688679024191,-2.4492935982947064e-16,1.0,1720530.23,1867952.2966666666,1867952.2966666666,0.06315433975008444,0.0077159738023186986,1.066121941471646,12,52,0,1
10,2011-02-11,2115408.31,1,51.51,3.381,127.859129,8.744,2011,1,0,-0.433883739117558,-0.9009688679024191,0.8660254037844386,0.5000000000000001,1707298.14,1929816.3,1929816.3,0.07401524777636581,0.006070231322049313,1.0354515446215788,2,6,0,0
10,2011-09-09,1670579.82,1,89.06,3.771,129.3686129,8.257,2011,3,0,-0.433883739117558,-0.9009688679024191,-1.0,-1.8369701987210297e-16,2115408.31,1803454.125,1877969.004,0.11535048802129544,0.011805835936830045,0.9777817250617996,9,36,0,0
10,2011-12-30,1930690.37,1,48.92,3.428,130.0710323,7.874,2011,4,0,-0.433883739117558,-0.9009688679024191,-2.4492935982947064e-16,1.0,1670579.82,1855994.1600000001,1886755.8983333334,-0.09095730575444183,0.005429596748810939,0.9324274316503101,12,52,0,1
10,2012-02-10,2218595.8,1,55.73,3.722,130.3849032,7.545,2012,1,0,-0.433883739117558,-0.9009688679024191,0.8660254037844386,0.5000000000000001,1930690.37,1983818.5750000002,1934161.5985714288,0.0857642940490082,0.0024130730297893255,0.8934677383542786,2,6,0,0
10,2012-09-07,1708283.28,1,83.07,4.124,130.9325484,7.17,2012,3,0,-0.433883739117558,-0.9009688679024191,-1.0,-1.8369701987210297e-16,2218595.8,1882037.3175000001,1905926.80875,0.10800644814615801,0.004200219400860794,0.8490607931080421,9,36,0,0
11,2010-09-10,1231428.46,1,81.93,2.565,214.8065431,7.346,2010,3,0,-0.433883739117558,-0.9009688679024191,-1.0,-1.8369701987210297e-16,1574684.08,1403056.27,1403056.27,0.006671899529042458,0.0010800499829077825,1.0129479736903793,9,36,0,0
11,2010-11-26,1757242.51,1,69.9,2.735,215.0614025,7.564,2010,4,0,-0.433883739117558,-0.9009688679024191,-0.5000000000000004,0.8660254037844384,1231428.46,1521118.3499999999,1521118.3499999999,0.06627680311890827,0.0011864601344167003,1.0430082320982887,11,47,1,0
11,2010-12-31,1172003.1,1,55.03,2.943,214.6986466,7.564,2010,4,1,-0.433883739117558,-0.9009688679024191,-2.4492935982947064e-16,1.0,1757242.51,1433839.5375,1433839.5375,0.07605118829981716,-0.0016867550187208424,1.0430082320982887,12,52,0,1
11,2011-02-11,1419236.9,1,44.61,3.022,216.2660913,7.551,2011,1,0,-0.433883739117558,-0.9009688679024191,0.8660254037844386,0.5000000000000001,1172003.1,1394977.7425,1430919.01,0.02684335711858643,0.007300673408157543,1.0412156478813033,2,6,0,0
11,2011-09-09,1249439.95,1,84.91,3.546,219.2135305,7.567,2011,3,0,-0.433883739117558,-0.9009688679024191,-1.0,-1.8369701987210297e-16,1419236.9,1399480.615,1400672.5,0.17339510258107205,0.013628762522513771,1.0434219053791316,9,36,0,0
11,2011-11-25,1848953.48,1,70.03,3.236,221.9011185,7.197,2011,4,0,-0.433883739117558,-0.9009688679024191,-0.5000000000000004,0.8660254037844384,1249439.95,1422408.3575,1464712.6400000001,-0.08742244782853914,0.0122601373823501,0.992402200741854,11,47,1,0
11,2011-12-30,1352084.21,1,48.86,3.129,223.0090839,7.197,2011,4,0,-0.433883739117558,-0.9009688679024191,-2.4492935982947064e-16,1.0,1848953.48,1467428.6349999998,1450634.08625,-0.03306551297898641,0.004993059104386743,0.992402200741854,12,52,0,1
11,2012-02-10,1574287.76,1,52.23,3.409,223.753643,6.833,2012,1,0,-0.433883739117558,-0.9009688679024191,0.8660254037844386,0.5000000000000001,1352084.21,1506191.35,1464373.3833333333,0.08948545861297541,0.0033386940432160728,0.9422098426662622,2,6,0,0
11,2012-09-07,1304584.4,1,85.17,3.73,225.9660263,6.334,2012,3,0,-0.433883739117558,-0.9009688679024191,-1.0,-1.8369701987210297e-16,1574287.76,1519977.4625,1448394.4849999999,0.09416251100029349,0.009887585606818572,0.8734021869527446,9,36,0,0
12,2010-09-10,903119.03,1,83.63,3.044,126.1145806,14.18,2010,3,0,-0.433883739117558,-0.9009688679024191,-1.0,-1.8369701987210297e-16,1117863.33,1010491.18,1010491.18,0.033265444670739885,-0.003017302691264434,1.0645805492574962,9,36,0,0
12,2010-11-26,1601377.41,1,47.66,3.162,126.6692667,14.313,2010,4,0,-0.433883739117558,-0.9009688679024191,-0.5000000000000004,0.8660254037844384,903119.03,1207453.2566666666,1207453.2566666666,0.038764783180026186,0.004398270979937724,1.074565684169432,11,47,1,0
12,2010-12-31,891736.91,1,45.64,3.148,127.0876774,14.313,2010,4,1,-0.433883739117558,-0.9009688679024191,-2.4492935982947064e-16,1.0,1601377.41,1128524.17,1128524.17,-0.0044275774826059155,0.0033031745655476286,1.074565684169432,12,52,0,1
12,2011-02-11,1086421.57,1,51.3,3.381,127.859129,14.021,2011,1,0,-0.433883739117558,-0.9009688679024191,0.8660254037844386,0.5000000000000001,891736.91,1120663.73,1120103.65,0.07401524777636581,0.006070231322049313,1.0526434330845809,2,6,0,0
12,2011-09-09,922850.57,1,88.0,3.913,129.3686129,13.503,2011,3,0,-0.433883739117558,-0.9009688679024191,-1.0,-1.8369701987210297e-16,1086421.57,1125596.615,1087228.1366666667,0.15734989648033126,0.011805835936830045,1.0137539602696737,9,36,0,0
12,2011-11-25,1591920.42,1,53.25,3.622,129.8364,12.89,2011,4,0,-0.433883739117558,-0.9009688679024191,-0.5000000000000004,0.8660254037844384,922850.57,1123232.3675,1159327.0342857144,-0.07436749297214407,0.003615924214643851,0.9677322482319555,11,47,1,0
12,2011-12-30,1111638.07,1,44.64,3.428,130.0710323,12.89,2011,4,0,-0.433883739117558,-0.9009688679024191,-2.4492935982947064e-16,1.0,1591920.42,1178207.6575,1153365.91375,-0.05356156819436775,0.0018071380598969622,0.9677322482319555,12,52,0,1
12,2012-02-10,1199330.85,1,52.27,3.722,130.3849032,12.187,2012,1,0,-0.433883739117558,-0.9009688679024191,0.8660254037844386,0.5000000000000001,1111638.07,1206434.9775,1158473.128888889,0.0857642940490082,0.0024130730297893255,0.9149536779831529,2,6,0,0
12,2012-09-07,955146.04,1,88.52,4.124,130.9325484,10.926,2012,3,0,-0.433883739117558,-0.9009688679024191,-1.0,-1.8369701987210297e-16,1199330.85,1214508.845,1138140.42,0.10800644814615801,0.004200219400860794,0.8202825868256279,9,36,0,0
13,2010-09-10,1772143.94,1,65.74,2.87,126.1145806,7.951,2010,3,0,-0.433883739117558,-0.9009688679024191,-1.0,-1.8369701987210297e-16,2030933.46,1901538.7,1901538.7,0.07450393111194331,-0.003017302691264434,1.122428092465149,9,36,0,0
13,2010-12-31,1675292.0,1,26.79,2.868,127.0876774,7.795,2010,4,1,-0.433883739117558,-0.9009688679024191,-2.4492935982947064e-16,1.0,1772143.94,1826123.1333333335,1826123.1333333335,-0.0006968641114983853,0.0077159738023186986,1.100405858478913,12,52,0,1
13,2011-02-11,1944438.9,1,30.83,3.034,127.859129,7.47,2011,1,0,-0.433883739117558,-0.9009688679024191,0.8660254037844386,0.5000000000000001,1675292.0,1855702.075,1855702.075,0.05788005578800548,0.006070231322049313,1.0545262043409211,2,6,0,0
13,2011-09-09,1872921.31,1,70.19,3.619,129.3686129,6.877,2011,3,0,-0.433883739117558,-0.9009688679024191,-1.0,-1.8369701987210297e-16,1944438.9,1816199.0375,1859145.9219999998,0.19281476598549774,0.011805835936830045,0.9708134815599082,9,36,0,0
13,2011-12-30,1969056.91,1,31.53,3.119,130.0710323,6.392,2011,4,0,-0.433883739117558,-0.9009688679024191,-2.4492935982947064e-16,1.0,1872921.31,1865427.28,1877464.42,-0.1381597126277977,0.005429596748810939,0.9023469207693665,12,52,0,1
13,2012-02-10,2069284.57,1,33.73,3.116,130.3849032,6.104,2012,1,0,-0.433883739117558,-0.9009688679024191,0.8660254037844386,0.5000000000000001,1969056.91,1963925.4224999999,1904867.2985714285,-0.0009618467457518376,0.0024130730297893255,0.8616904887947767,2,6,0,0
13,2012-09-07,2165796.31,1,70.65,3.689,130.9325484,5.765,2012,3,0,-0.433883739117558,-0.9009688679024191,-1.0,-1.8369701987210297e-16,2069284.57,2019264.775,1937483.425,0.18388960205391536,0.004200219400860794,0.8138344803246867,9,36,0,0
14,2010-09-10,2191767.76,1,70.87,2.699,182.598178,8.743,2010,3,0,-0.433883739117558,-0.9009688679024191,-1.0,-1.8369701987210297e-16,1704218.84,1947993.2999999998,1947993.2999999998,-0.026685899747565966,0.0033841804530931885,1.0115700566932777,9,36,0,0
14,2010-12-31,1623716.46,1,29.67,3.179,182.5714479,8.724,2010,4,1,-0.433883739117558,-0.9009688679024191,-2.4492935982947064e-16,1.0,2191767.76,1839901.0199999998,1839901.0199999998,0.17784364579473877,-0.000146387550482463,1.009371745921555,12,52,0,1
14,2011-02-11,1980405.03,1,30.3,3.239,183.7016129,8.549,2011,1,0,-0.433883739117558,-0.9009688679024191,0.8660254037844386,0.5000000000000001,1623716.46,1875027.0225,1875027.0225,0.01887385970430966,0.0061902614729714145,0.9891241467083187,2,6,0,0
14,2011-09-09,2202742.9,1,71.48,3.738,186.6737376,8.625,2011,3,0,-0.433883739117558,-0.9009688679024191,-1.0,-1.8369701987210297e-16,1980405.03,1999658.0374999999,1940570.1979999996,0.15405989502933015,0.01617908875747287,0.9979173897952099,9,36,0,0
14,2011-11-25,2685351.81,1,48.71,3.492,188.3504,8.523,2011,4,0,-0.433883739117558,-0.9009688679024191,-0.5000000000000004,0.8660254037844384,2202742.9,2123054.05,2064700.4666666666,-0.0658105939004815,0.00898177977018233,0.9861159319680666,11,47,1,0
14,2011-12-30,1914148.89,1,37.79,3.389,189.0620155,8.523,2011,4,0,-0.433883739117558,-0.9009688679024191,-2.4492935982947064e-16,1.0,2685351.81,2195662.1574999997,2043193.0985714286,-0.029495990836197028,0.0037781470068551926,0.9861159319680666,12,52,0,1
14,2012-02-10,2077256.24,1,37.0,3.64,189.7076048,8.424,2012,1,0,-0.433883739117558,-0.9009688679024191,0.8660254037844386,0.5000000000000001,1914148.89,2219874.96,2047450.99125,0.07406314547064041,0.003414695957263847,0.9746615758417215,2,6,0,0
14,2012-09-07,1904512.34,1,75.7,3.911,191.5776756,8.684,2012,3,0,-0.433883739117558,-0.9009688679024191,-1.0,-1.8369701987210297e-16,2077256.24,2145317.32,2031568.9188888888,0.07445054945054941,0.009857648047222556,1.0047437232442438,9,36,0,0
15,2010-09-10,641965.2,1,62.36,2.837,132.7564516,8.099,2010,3,0,-0.433883739117558,-0.9009688679024191,-1.0,-1.8369701987210297e-16,682447.1,662206.1499999999,662206.1499999999,-0.035034013605442116,0.008890256191099066,1.0120207927225473,9,36,0,0
15,2010-11-26,1120018.92,1,40.71,3.186,132.8369333,8.067,2010,4,0,-0.433883739117558,-0.9009688679024191,-0.5000000000000004,0.8660254037844384,641965.2,814810.4066666666,814810.4066666666,0.1230172717659499,0.0006062356972489358,1.0080221922327188,11,47,1,0
15,2010-12-31,543754.17,1,26.54,3.336,132.8150323,8.067,2010,4,1,-0.433883739117558,-0.9009688679024191,-2.4492935982947064e-16,1.0,1120018.92,747046.3474999999,747046.3474999999,0.04708097928436916,-0.00016487131595044335,1.0080221922327188,12,52,0,1
15,2011-02-11,582864.35,1,21.64,3.416,133.260871,7.771,2011,1,0,-0.433883739117558,-0.9009688679024191,0.8660254037844386,0.5000000000000001,543754.17,722150.6599999999,714209.948,0.023980815347721895,0.003356839148997315,0.9710351377018045,2,6,0,0
15,2011-09-09,607593.51,1,67.59,3.93,136.2745806,7.806,2011,3,0,-0.433883739117558,-0.9009688679024191,-1.0,-1.8369701987210297e-16,582864.35,713557.7375,696440.5416666666,0.15046838407494145,0.022615112578695307,0.9754086069875545,9,36,0,0
15,2011-11-25,1066478.1,1,41.1,3.689,136.4788,7.866,2011,4,0,-0.433883739117558,-0.9009688679024191,-0.5000000000000004,0.8660254037844384,607593.51,700172.5325,749303.0499999999,-0.061323155216285063,0.0014985876243451823,0.982905982905983,11,47,1,0
15,2011-12-30,603460.79,1,31.44,3.566,136.6432581,7.866,2011,4,0,-0.433883739117558,-0.9009688679024191,-2.4492935982947064e-16,1.0,1066478.1,715099.1875,731072.7675,-0.03334236920574685,0.0012050083969084024,0.982905982905983,12,52,0,1
15,2012-02-10,628218.22,1,31.91,3.826,137.1666774,7.943,2012,1,0,-0.433883739117558,-0.9009688679024191,0.8660254037844386,0.5000000000000001,603460.79,726437.655,719644.4844444444,0.07291082445316888,0.003830553422671912,0.992527615334633,2,6,0,0
15,2012-09-07,587259.82,1,71.61,4.076,138.4729355,8.193,2012,3,0,-0.433883739117558,-0.9009688679024191,-1.0,-1.8369701987210297e-16,628218.22,721354.2325,706406.0179999999,0.06534239414532128,0.00952314457680381,1.0237666816614186,9,36,0,0
16,2010-09-10,537518.57,1,57.24,2.78,190.3958293,6.868,2010,3,0,-0.433883739117558,-0.9009688679024191,-1.0,-1.8369701987210297e-16,472044.28,504781.425,504781.425,0.08087091757387244,0.004916794009276915,1.0482615464452518,9,36,0,0
16,2010-11-26,651837.77,1,23.46,2.742,191.0121805,6.986,2010,4,0,-0.433883739117558,-0.9009688679024191,-0.5000000000000004,0.8660254037844384,537518.57,553800.2066666667,553800.2066666667,-0.013669064748201398,0.0032372095663337763,1.0662718642205196,11,47,1,0
16,2010-12-31,575317.38,1,19.66,2.829,191.2557002,6.986,2010,4,1,-0.433883739117558,-0.9009688679024191,-2.4492935982947064e-16,1.0,651837.77,559179.5,559179.5,0.03172866520787743,0.0012748909486430815,1.0662718642205196,12,52,0,1
16,2011-02-11,466806.89,1,15.02,3.037,191.8572881,6.614,2011,1,0,-0.433883739117558,-0.9009688679024191,0.8660254037844386,0.5000000000000001,575317.38,557870.1525,540704.978,0.07352421350300453,0.00314546389661019,1.0094935742849294,2,6,0,0
16,2011-09-09,574622.56,1,56.99,3.566,194.6387853,6.338,2011,3,0,-0.433883739117558,-0.9009688679024191,-1.0,-1.8369701987210297e-16,466806.89,567146.15,546357.9083333333,0.17418505103720783,0.014497740625574851,0.9673677462682011,9,36,0,0
16,2011-11-25,712422.4,1,31.39,3.424,195.7704,6.232,2011,4,0,-0.433883739117558,-0.9009688679024191,-0.5000000000000004,0.8660254037844384,574622.56,582292.3075000001,570081.4071428572,-0.03982052720134599,0.005813921918264242,0.951188986232791,11,47,1,0
16,2011-12-30,665861.06,1,23.91,3.119,196.3586101,6.232,2011,4,0,-0.433883739117558,-0.9009688679024191,-2.4492935982947064e-16,1.0,712422.4,604928.2275,582053.86375,-0.08907710280373826,0.003004591603225082,0.951188986232791,12,52,0,1
16,2012-02-10,473766.97,1,23.69,3.103,196.9195056,6.162,2012,1,0,-0.433883739117558,-0.9009688679024191,0.8660254037844386,0.5000000000000001,665861.06,606668.2475,570021.9866666667,-0.005129849310676504,0.0028564853851551497,0.9405048994169541,2,6,0,0
16,2012-09-07,537138.58,1,60.09,3.596,198.0950484,6.061,2012,3,0,-0.433883739117558,-0.9009688679024191,-1.0,-1.8369701987210297e-16,473766.97,597297.2525,566733.646,0.1588785046728971,0.005969661544793059,0.9250892884398181,9,36,0,0
17,2010-09-10,1200888.28,1,56.28,2.87,126.1145806,6.697,2010,3,0,-0.433883739117558,-0.9009688679024191,-1.0,-1.8369701987210297e-16,841951.91,1021420.095,1021420.095,0.07450393111194331,-0.003017302691264434,1.011646701611807,9,36,0,0
17,2010-11-26,1005448.76,1,19.03,2.83,126.6692667,6.885,2010,4,0,-0.433883739117558,-0.9009688679024191,-0.5000000000000004,0.8660254037844384,1200888.28,1016096.3166666668,1016096.3166666668,-0.013937282229965153,0.004398270979937724,1.0400459221438392,11,47,1,0
17,2010-12-31,635862.55,1,20.79,2.868,127.0876774,6.885,2010,4,1,-0.433883739117558,-0.9009688679024191,-2.4492935982947064e-16,1.0,1005448.76,921037.875,921037.875,0.013427561837455748,0.0033031745655476286,1.0400459221438392,12,52,0,1
17,2011-02-11,813211.46,1,14.19,3.034,127.859129,6.866,2011,1,0,-0.433883739117558,-0.9009688679024191,0.8660254037844386,0.5000000000000001,635862.55,913852.7625,899472.592,0.05788005578800548,0.006070231322049313,1.0371757881538997,2,6,0,0
17,2011-09-09,1161900.18,1,61.94,3.619,129.3686129,6.745,2011,3,0,-0.433883739117558,-0.9009688679024191,-1.0,-1.8369701987210297e-16,813211.46,904105.7375,943210.5233333334,0.19281476598549774,0.011805835936830045,1.018897566428496,9,36,0,0
17,2011-11-25,1225700.28,1,32.81,3.445,129.8364,6.617,2011,4,0,-0.433883739117558,-0.9009688679024191,-0.5000000000000004,0.8660254037844384,1161900.18,959168.6175000002,983566.2028571429,-0.048079579994473765,0.003615924214643851,0.9995619269173251,11,47,1,0
17,2011-12-30,777207.3,1,26.73,3.119,130.0710323,6.617,2011,4,0,-0.433883739117558,-0.9009688679024191,-2.4492935982947064e-16,1.0,1225700.28,994504.805,957771.3400000001,-0.09462989840348324,0.0018071380598969622,0.9995619269173251,12,52,0,1
17,2012-02-10,880165.7,1,23.63,3.116,130.3849032,6.403,2012,1,0,-0.433883739117558,-0.9009688679024191,0.8660254037844386,0.5000000000000001,777207.3,1011243.365,949148.4911111111,-0.0009618467457518376,0.0024130730297893255,0.9672351546095863,2,6,0,0
17,2012-09-07,1255633.29,1,61.99,3.689,130.9325484,5.936,2012,3,0,-0.433883739117558,-0.9009688679024191,-1.0,-1.8369701987210297e-16,880165.7,1034676.6425000001,979796.9710000001,0.18388960205391536,0.004200219400860794,0.8966902823305488,9,36,0,0
18,2010-09-10,1011201.12,1,67.09,2.717,132.7564516,9.342,2010,3,0,-0.433883739117558,-0.9009688679024191,-1.0,-1.8369701987210297e-16,1187880.7,1099540.91,1099540.91,-0.01948754962107535,0.008890256191099066,1.052275876051769,9,36,0,0
18,2010-11-26,1653759.36,1,40.81,3.07,132.8369333,9.331,2010,4,0,-0.433883739117558,-0.9009688679024191,-0.5000000000000004,0.8660254037844384,1011201.12,1284280.3933333333,1284280.3933333333,0.12992270887007717,0.0006062356972489358,1.0510368442987643,11,47,1,0
18,2010-12-31,887907.01,1,26.1,3.177,132.8150323,9.331,2010,4,1,-0.433883739117558,-0.9009688679024191,-2.4492935982947064e-16,1.0,1653759.36,1185187.0475,1185187.0475,0.0348534201954398,-0.00016487131595044335,1.0510368442987643,12,52,0,1
18,2011-02-11,1122053.58,1,24.3,3.255,133.260871,9.131,2011,1,0,-0.433883739117558,-0.9009688679024191,0.8660254037844386,0.5000000000000001,887907.01,1168730.2675,1172560.354,0.02455146364494798,0.003356839148997315,1.0285089942441343,2,6,0,0
18,2011-09-09,951549.61,1,68.11,3.809,136.2745806,8.89,2011,3,0,-0.433883739117558,-0.9009688679024191,-1.0,-1.8369701987210297e-16,1122053.58,1153817.3900000001,1135725.23,0.17019969278033797,0.022615112578695307,1.001362934928305,9,36,0,0
18,2011-11-25,1624170.99,1,41.97,3.536,136.4788,8.471,2011,4,0,-0.433883739117558,-0.9009688679024191,-0.5000000000000004,0.8660254037844384,951549.61,1146420.2974999999,1205503.1957142858,-0.07167235494880553,0.0014985876243451823,0.9541670890638552,11,47,1,0
18,2011-12-30,1010562.49,1,32.36,3.402,136.6432581,8.471,2011,4,0,-0.433883739117558,-0.9009688679024191,-2.4492935982947064e-16,1.0,1624170.99,1177084.1675,1181135.6075,-0.03789592760180993,0.0012050083969084024,0.9541670890638552,12,52,0,1
18,2012-02-10,1161615.51,1,32.83,3.655,137.1666774,8.075,2012,1,0,-0.433883739117558,-0.9009688679024191,0.8660254037844386,0.5000000000000001,1010562.49,1186974.65,1178966.707777778,0.07436801881246313,0.003830553422671912,0.9095619459556876,2,6,0,0
18,2012-09-07,1083521.24,1,71.85,3.921,138.4729355,8.535,2012,3,0,-0.433883739117558,-0.9009688679024191,-1.0,-1.8369701987210297e-16,1161615.51,1219967.5574999999,1169422.1609999998,0.07277701778385781,0.00952314457680381,0.9613760010813368,9,36,0,0
19,2010-09-10,1591453.39,1,63.36,2.837,132.7564516,8.099,2010,3,0,-0.433883739117558,-0.9009688679024191,-1.0,-1.8369701987210297e-16,1536549.95,1564001.67,1564001.67,-0.035034013605442116,0.008890256191099066,1.0120207927225473,9,36,0,0
19,2010-11-26,1993367.83,1,42.62,3.186,132.8369333,8.067,2010,4,0,-0.433883739117558,-0.9009688679024191,-0.5000000000000004,0.8660254037844384,1591453.39,1707123.7233333334,1707123.7233333334,0.1230172717659499,0.0006062356972489358,1.0080221922327188,11,47,1,0
19,2010-12-31,1275146.94,1,28.65,3.336,132.8150323,8.067,2010,4,1,-0.433883739117558,-0.9009688679024191,-2.4492935982947064e-16,1.0,1993367.83,1599129.5274999999,1599129.5274999999,0.04708097928436916,-0.00016487131595044335,1.0080221922327188,12,52,0,1
19,2011-02-11,1430851.11,1,21.79,3.416,133.260871,7.771,2011,1,0,-0.433883739117558,-0.9009688679024191,0.8660254037844386,0.5000000000000001,1275146.94,1572704.8175,1565473.844,0.023980815347721895,0.003356839148997315,0.9710351377018045,2,6,0,0
19,2011-09-09,1566712.79,1,68.28,3.93,136.2745806,7.806,2011,3,0,-0.433883739117558,-0.9009688679024191,-1.0,-1.8369701987210297e-16,1430851.11,1566519.6675,1565680.335,0.15046838407494145,0.022615112578695307,0.9754086069875545,9,36,0,0
19,2011-11-25,1974646.78,1,42.75,3.689,136.4788,7.866,2011,4,0,-0.433883739117558,-0.9009688679024191,-0.5000000000000004,0.8660254037844384,1566712.79,1561839.405,1624104.1128571427,-0.061323155216285063,0.0014985876243451823,0.982905982905983,11,47,1,0
19,2011-12-30,1405168.06,1,31.65,3.566,136.6432581,7.866,2011,4,0,-0.433883739117558,-0.9009688679024191,-2.4492935982947064e-16,1.0,1974646.78,1594344.685,1596737.10625,-0.03334236920574685,0.0012050083969084024,0.982905982905983,12,52,0,1
19,2012-02-10,1499496.67,1,32.61,3.826,137.1666774,7.943,2012,1,0,-0.433883739117558,-0.9009688679024191,0.8660254037844386,0.5000000000000001,1405168.06,1611506.0750000002,1585932.6133333333,0.07291082445316888,0.003830553422671912,0.992527615334633,2,6,0,0
19,2012-09-07,1497073.82,1,72.2,4.076,138.4729355,8.193,2012,3,0,-0.433883739117558,-0.9009688679024191,-1.0,-1.8369701987210297e-16,1499496.67,1594096.3325,1577046.734,0.06534239414532128,0.00952314457680381,1.0237666816614186,9,36,0,0
20,2010-09-10,2014954.79,1,65.02,2.699,204.7266827,7.527,2010,3,0,-0.433883739117558,-0.9009688679024191,-1.0,-1.8369701987210297e-16,2109107.9,2062031.345,2062031.345,-0.026685899747565966,0.001668098214629321,1.018228550170787,9,36,0,0
20,2010-12-31,1799737.79,1,28.85,3.179,204.6432267,7.484,2010,4,1,-0.433883739117558,-0.9009688679024191,-2.4492935982947064e-16,1.0,2014954.79,1974600.1600000001,1974600.1600000001,0.17784364579473877,-0.00040764593505515645,1.012411647333356,12,52,0,1
20,2011-02-11,2211388.14,1,25.38,3.239,206.0763862,7.343,2011,1,0,-0.433883739117558,-0.9009688679024191,0.8660254037844386,0.5000000000000001,1799737.79,2033797.155,2033797.155,0.01887385970430966,0.0070032100407650955,0.9933376170989888,2,6,0,0
20,2011-09-09,2050542.56,1,68.74,3.738,209.0225562,7.274,2011,3,0,-0.433883739117558,-0.9009688679024191,-1.0,-1.8369701987210297e-16,2211388.14,2019155.8200000003,2037146.236,0.15405989502933015,0.014296494879042942,0.9840035171970646,9,36,0,0
20,2011-12-30,2043245.0,1,36.35,3.389,212.4035763,7.082,2011,4,0,-0.433883739117558,-0.9009688679024191,-2.4492935982947064e-16,1.0,2050542.56,2026228.3725,2038162.6966666665,-0.09336543606206538,0.016175383946433586,0.9580303696438838,12,52,0,1
20,2012-02-10,2462978.28,1,33.47,3.64,213.1186138,6.961,2012,1,0,-0.433883739117558,-0.9009688679024191,0.8660254037844386,0.5000000000000001,2043245.0,2192038.495,2098850.637142857,0.07406314547064041,0.003366409890340316,0.9416618756129731,2,6,0,0
20,2012-09-07,2080529.06,1,76.36,3.911,215.2189573,7.28,2012,3,0,-0.433883739117558,-0.9009688679024191,-1.0,-1.8369701987210297e-16,2462978.28,2159323.725,2096560.44,0.07445054945054941,0.009855279473481637,0.9848151780581015,9,36,0,0
21,2010-09-10,674055.81,1,79.3,2.565,211.1532104,8.099,2010,3,0,-0.433883739117558,-0.9009688679024191,-1.0,-1.8369701987210297e-16,809321.44,741688.625,741688.625,0.006671899529042458,0.0012101438034781697,1.0500045376168436,9,36,0,0
21,2010-11-26,1245628.61,1,62.96,2.735,211.4062867,8.163,2010,4,0,-0.433883739117558,-0.9009688679024191,-0.5000000000000004,0.8660254037844384,674055.81,909668.6200000001,909668.6200000001,0.06627680311890827,0.0011985434629224745,1.0583018941309168,11,47,1,0
21,2010-12-31,672903.23,1,47.19,2.943,211.064774,8.163,2010,4,1,-0.433883739117558,-0.9009688679024191,-2.4492935982947064e-16,1.0,1245628.61,850477.2725,850477.2725,0.07605118829981716,-0.0016154330381131787,1.0583018941309168,12,52,0,1
21,2011-02-11,771908.51,1,34.61,3.022,212.5928624,8.028,2011,1,0,-0.433883739117558,-0.9009688679024191,0.8660254037844386,0.5000000000000001,672903.23,841124.04,834763.52,0.02684335711858643,0.007239902571331003,1.040799657734044,2,6,0,0
21,2011-09-09,653989.65,1,78.87,3.546,215.5148295,7.852,2011,3,0,-0.433883739117558,-0.9009688679024191,-1.0,-1.8369701987210297e-16,771908.51,836107.5,804634.5416666666,0.17339510258107205,0.013744427103588253,1.017981927320343,9,36,0,0
21,2011-11-25,1219263.4,1,56.43,3.236,218.1130269,7.441,2011,4,0,-0.433883739117558,-0.9009688679024191,-0.5000000000000004,0.8660254037844384,653989.65,829516.1974999999,863867.2357142858,-0.08742244782853914,0.01205577085357823,0.9646973409565297,11,47,1,0
21,2011-12-30,804362.36,1,45.16,3.129,219.1773063,7.441,2011,4,0,-0.433883739117558,-0.9009688679024191,-2.4492935982947064e-16,1.0,1219263.4,862380.9799999999,856429.12625,-0.03306551297898641,0.004879485719520682,0.9646973409565297,12,52,0,1
21,2012-02-10,770652.79,1,46.52,3.409,219.9049073,7.057,2012,1,0,-0.433883739117558,-0.9009688679024191,0.8660254037844386,0.5000000000000001,804362.36,862067.0499999999,846898.4222222222,0.08948545861297541,0.003319691314227935,0.9149132018720912,2,6,0,0
21,2012-09-07,642827.29,1,88.4,3.73,222.0747635,6.565,2012,3,0,-0.433883739117558,-0.9009688679024191,-1.0,-1.8369701987210297e-16,770652.79,859276.46,826491.309,0.09416251100029349,0.00986724774195169,0.8511272736701543,9,36,0,0
22,2010-09-10,924174.4,1,68.6,2.717,136.6212085,8.433,2010,3,0,-0.433883739117558,-0.9009688679024191,-1.0,-1.8369701987210297e-16,1022571.25,973372.825,973372.825,-0.01948754962107535,0.008935006399716672,1.0409954449505612,9,36,0,0
22,2010-11-26,1564502.26,1,44.61,3.07,136.6895714,8.572,2010,4,0,-0.433883739117558,-0.9009688679024191,-0.5000000000000004,0.8660254037844384,924174.4,1170415.97,1170415.97,0.12992270887007717,0.0005003827791496551,1.0581540322680196,11,47,1,0
22,2010-12-31,774262.28,1,28.49,3.177,136.665265,8.572,2010,4,1,-0.433883739117558,-0.9009688679024191,-2.4492935982947064e-16,1.0,1564502.26,1071377.5475,1071377.5475,0.0348534201954398,-0.00017782190514648022,1.0581540322680196,12,52,0,1
22,2011-02-11,1009206.33,1,28.89,3.255,137.1378318,8.458,2011,1,0,-0.433883739117558,-0.9009688679024191,0.8660254037844386,0.5000000000000001,774262.28,1068036.3175000001,1058943.304,0.02455146364494798,0.0034578413176162837,1.0440815218062192,2,6,0,0
22,2011-09-09,1004434.54,1,69.14,3.809,140.2310173,8.023,2011,3,0,-0.433883739117558,-0.9009688679024191,-1.0,-1.8369701987210297e-16,1009206.33,1088101.3525,1049858.51,0.17019969278033797,0.022555304100994267,0.9903837845177696,9,36,0,0
22,2011-11-25,1535857.49,1,46.28,3.536,140.4217857,7.706,2011,4,0,-0.433883739117558,-0.9009688679024191,-0.5000000000000004,0.8660254037844384,1004434.54,1080940.1600000001,1119286.9357142858,-0.07167235494880553,0.0013603866225393446,0.9512523299880261,11,47,1,0
22,2011-12-30,982661.14,1,36.28,3.402,140.5874505,7.706,2011,4,0,-0.433883739117558,-0.9009688679024191,-2.4492935982947064e-16,1.0,1535857.49,1133039.875,1102208.71125,-0.03789592760180993,0.0011797656551237878,0.9512523299880261,12,52,0,1
22,2012-02-10,1034448.07,1,35.68,3.655,141.1199827,7.503,2012,1,0,-0.433883739117558,-0.9009688679024191,0.8660254037844386,0.5000000000000001,982661.14,1139350.31,1094679.7511111111,0.07436801881246313,0.0037879070863442443,0.926193385920083,2,6,0,0
22,2012-09-07,996628.8,1,73.3,3.921,142.500303,7.753,2012,3,0,-0.433883739117558,-0.9009688679024191,-1.0,-1.8369701987210297e-16,1034448.07,1137398.875,1084874.656,0.07277701778385781,0.009781182463254323,0.9570541544766632,9,36,0,0
23,2010-09-10,1272842.85,1,63.21,2.717,132.7564516,5.326,2010,3,0,-0.433883739117558,-0.9009688679024191,-1.0,-1.8369701987210297e-16,1380892.08,1326867.465,1326867.465,-0.01948754962107535,0.008890256191099066,1.0925800562085872,9,36,0,0
23,2010-11-26,2072685.05,1,34.95,3.07,132.8369333,5.287,2010,4,0,-0.433883739117558,-0.9009688679024191,-0.5000000000000004,0.8660254037844384,1272842.85,1575473.326666667,1575473.326666667,0.12992270887007717,0.0006062356972489358,1.0845795638705973,11,47,1,0
23,2010-12-31,1169773.85,1,19.05,3.177,132.8150323,5.287,2010,4,1,-0.433883739117558,-0.9009688679024191,-2.4492935982947064e-16,1.0,2072685.05,1474048.4575,1474048.4575,0.0348534201954398,-0.00016487131595044335,1.0845795638705973,12,52,0,1
23,2011-02-11,1249786.4,1,21.52,3.255,133.260871,5.114,2011,1,0,-0.433883739117558,-0.9009688679024191,0.8660254037844386,0.5000000000000001,1169773.85,1441272.0375,1429196.046,0.02455146364494798,0.003356839148997315,1.0490902004225902,2,6,0,0
23,2011-09-09,1423289.9,1,66.04,3.809,136.2745806,4.584,2011,3,0,-0.433883739117558,-0.9009688679024191,-1.0,-1.8369701987210297e-16,1249786.4,1478883.8,1428211.6883333335,0.17019969278033797,0.022615112578695307,0.9403655609575974,9,36,0,0
23,2011-11-25,2057059.53,1,35.23,3.536,136.4788,4.42,2011,4,0,-0.433883739117558,-0.9009688679024191,-0.5000000000000004,0.8660254037844384,1423289.9,1474977.42,1518047.0942857142,-0.07167235494880553,0.0014985876243451823,0.9067224649722034,11,47,1,0
23,2011-12-30,1213486.95,1,22.3,3.402,136.6432581,4.42,2011,4,0,-0.433883739117558,-0.9009688679024191,-2.4492935982947064e-16,1.0,2057059.53,1485905.695,1479977.07625,-0.03789592760180993,0.0012050083969084024,0.9067224649722034,12,52,0,1
23,2012-02-10,1358444.07,1,26.6,3.655,137.1666774,4.261,2012,1,0,-0.433883739117558,-0.9009688679024191,0.8660254037844386,0.5000000000000001,1213486.95,1513070.1124999998,1466473.4088888888,0.07436801881246313,0.003830553422671912,0.8741050731327057,2,6,0,0
23,2012-09-07,1427162.26,1,66.74,3.921,138.4729355,4.156,2012,3,0,-0.433883739117558,-0.9009688679024191,-1.0,-1.8369701987210297e-16,1358444.07,1514038.2025000001,1462542.294,0.07277701778385781,0.00952314457680381,0.8525652860688863,9,36,0,0
24,2010-09-10,1474498.59,1,67.11,2.837,132.7564516,8.117,2010,3,0,-0.433883739117558,-0.9009688679024191,-1.0,-1.8369701987210297e-16,1414107.1,1444302.8450000002,1444302.8450000002,-0.035034013605442116,0.008890256191099066,0.9648966394446229,9,36,0,0
24,2010-11-26,1779276.51,1,41.92,3.186,132.8369333,8.275,2010,4,0,-0.433883739117558,-0.9009688679024191,-0.5000000000000004,0.8660254037844384,1474498.59,1555960.7333333334,1555960.7333333334,0.1230172717659499,0.0006062356972489358,0.9836786610082855,11,47,1,0
24,2010-12-31,1208600.05,1,25.9,3.336,132.8150323,8.275,2010,4,1,-0.433883739117558,-0.9009688679024191,-2.4492935982947064e-16,1.0,1779276.51,1469120.5625,1469120.5625,0.04708097928436916,-0.00016487131595044335,0.9836786610082855,12,52,0,1
24,2011-02-11,1341240.62,1,26.51,3.416,133.260871,8.252,2011,1,0,-0.433883739117558,-0.9009688679024191,0.8660254037844386,0.5000000000000001,1208600.05,1450903.9425000001,1443544.574,0.023980815347721895,0.003356839148997315,0.9809445692616764,2,6,0,0
24,2011-09-09,1527455.19,1,68.32,3.93,136.2745806,8.358,2011,3,0,-0.433883739117558,-0.9009688679024191,-1.0,-1.8369701987210297e-16,1341240.62,1464143.0925,1457529.6766666668,0.15046838407494145,0.022615112578695307,0.9935451660069184,9,36,0,0
24,2011-11-25,1761235.67,1,41.83,3.689,136.4788,8.454,2011,4,0,-0.433883739117558,-0.9009688679024191,-0.5000000000000004,0.8660254037844384,1527455.19,1459632.8825,1500916.2471428572,-0.061323155216285063,0.0014985876243451823,1.0049570272101567,11,47,1,0
24,2011-12-30,1363973.16,1,33.45,3.566,136.6432581,8.454,2011,4,0,-0.433883739117558,-0.9009688679024191,-2.4492935982947064e-16,1.0,1761235.67,1498476.1600000001,1483798.36125,-0.03334236920574685,0.0012050083969084024,1.0049570272101567,12,52,0,1
24,2012-02-10,1403460.87,1,33.82,3.826,137.1666774,8.659,2012,1,0,-0.433883739117558,-0.9009688679024191,0.8660254037844386,0.5000000000000001,1363973.16,1514031.2225000001,1474871.9733333334,0.07291082445316888,0.003830553422671912,1.029326105821238,2,6,0,0
24,2012-09-07,1477134.75,1,72.81,4.076,138.4729355,8.953,2012,3,0,-0.433883739117558,-0.9009688679024191,-1.0,-1.8369701987210297e-16,1403460.87,1501451.1124999998,1475098.251,0.06534239414532128,0.00952314457680381,1.0642749307561545,9,36,0,0
25,2010-09-10,655811.95,1,61.14,2.699,204.7266827,7.527,2010,3,0,-0.433883739117558,-0.9009688679024191,-1.0,-1.8369701987210297e-16,583364.02,619587.985,619587.985,-0.026685899747565966,0.001668098214629321,1.0212471507652232,9,36,0,0
25,2010-11-26,1115240.61,1,43.43,3.039,204.9621,7.484,2010,4,0,-0.433883739117558,-0.9009688679024191,-0.5000000000000004,0.8660254037844384,655811.95,784805.5266666667,784805.5266666667,0.12597258243794007,0.001149910196830417,1.0154130033648108,11,47,1,0
25,2010-12-31,623092.54,1,25.89,3.179,204.6432267,7.484,2010,4,1,-0.433883739117558,-0.9009688679024191,-2.4492935982947064e-16,1.0,1115240.61,744377.28,744377.28,0.04606778545574186,-0.0015557671393880979,1.0154130033648108,12,52,0,1
25,2011-02-11,615666.78,1,21.18,3.239,206.0763862,7.343,2011,1,0,-0.433883739117558,-0.9009688679024191,0.8660254037844386,0.5000000000000001,623092.54,752452.97,718635.18,0.01887385970430966,0.0070032100407650955,0.9962824270053187,2,6,0,0
25,2011-09-09,673248.48,1,67.51,3.738,209.0225562,7.274,2011,3,0,-0.433883739117558,-0.9009688679024191,-1.0,-1.8369701987210297e-16,615666.78,756812.1025,711070.73,0.15405989502933015,0.014296494879042942,0.9869206555953545,9,36,0,0
25,2011-11-25,1116211.39,1,43.49,3.492,211.4120757,7.082,2011,4,0,-0.433883739117558,-0.9009688679024191,-0.5000000000000004,0.8660254037844384,673248.48,757054.7975,768947.967142857,-0.0658105939004815,0.011431873877351562,0.9608705090632802,11,47,1,0
25,2011-12-30,683665.37,1,32.42,3.389,212.4035763,7.082,2011,4,0,-0.433883739117558,-0.9009688679024191,-2.4492935982947064e-16,1.0,1116211.39,772198.005,758287.6425,-0.029495990836197028,0.004689895772117314,0.9608705090632802,12,52,0,1
25,2012-02-10,658984.38,1,32.47,3.64,213.1186138,6.961,2012,1,0,-0.433883739117558,-0.9009688679024191,0.8660254037844386,0.5000000000000001,683665.37,783027.405,747253.9466666667,0.07406314547064041,0.003366409890340316,0.9444534896342127,2,6,0,0
25,2012-09-07,671482.9,1,72.79,3.911,215.2189573,7.28,2012,3,0,-0.433883739117558,-0.9009688679024191,-1.0,-1.8369701987210297e-16,658984.38,782586.0099999999,739676.842,0.07445054945054941,0.009855279473481637,0.9877347226744818,9,36,0,0
26,2010-09-10,1042226.3,1,54.82,2.717,132.7564516,8.445,2010,3,0,-0.433883739117558,-0.9009688679024191,-1.0,-1.8369701987210297e-16,1015684.09,1028955.1950000001,1028955.1950000001,-0.01948754962107535,0.008890256191099066,1.0693528167854838,9,36,0,0
26,2010-11-26,1286833.62,1,28.11,3.07,132.8369333,8.149,2010,4,0,-0.433883739117558,-0.9009688679024191,-0.5000000000000004,0.8660254037844384,1042226.3,1114914.6700000002,1114914.6700000002,0.12992270887007717,0.0006062356972489358,1.0318716523368745,11,47,1,0
26,2010-12-31,877268.29,1,18.73,3.177,132.8150323,8.149,2010,4,1,-0.433883739117558,-0.9009688679024191,-2.4492935982947064e-16,1.0,1286833.62,1055503.0750000002,1055503.0750000002,0.0348534201954398,-0.00016487131595044335,1.0318716523368745,12,52,0,1
26,2011-02-11,1010711.08,1,15.12,3.255,133.260871,7.907,2011,1,0,-0.433883739117558,-0.9009688679024191,0.8660254037844386,0.5000000000000001,877268.29,1054259.8225,1046544.676,0.02455146364494798,0.003356839148997315,1.0012282678890254,2,6,0,0
26,2011-09-09,1069710.97,1,60.98,3.809,136.2745806,7.767,2011,3,0,-0.433883739117558,-0.9009688679024191,-1.0,-1.8369701987210297e-16,1010711.08,1061130.99,1050405.7249999999,0.17019969278033797,0.022615112578695307,0.983500690109278,9,36,0,0
26,2011-11-25,1282320.05,1,31.07,3.536,136.4788,7.598,2011,4,0,-0.433883739117558,-0.9009688679024191,-0.5000000000000004,0.8660254037844384,1069710.97,1060002.5975,1083536.342857143,-0.07167235494880553,0.0014985876243451823,0.9621009712180113,11,47,1,0
26,2011-12-30,972834.42,1,18.8,3.402,136.6432581,7.598,2011,4,0,-0.433883739117558,-0.9009688679024191,-2.4492935982947064e-16,1.0,1282320.05,1083894.13,1069698.6025,-0.03789592760180993,0.0012050083969084024,0.9621009712180113,12,52,0,1
26,2012-02-10,1081005.64,1,23.89,3.655,137.1666774,7.467,2012,1,0,-0.433883739117558,-0.9009688679024191,0.8660254037844386,0.5000000000000001,972834.42,1101467.77,1070954.9400000002,0.07436801881246313,0.003830553422671912,0.9455130234383904,2,6,0,0
26,2012-09-07,1081874.03,1,61.58,3.921,138.4729355,7.405,2012,3,0,-0.433883739117558,-0.9009688679024191,-1.0,-1.8369701987210297e-16,1081005.64,1104508.535,1072046.849,0.07277701778385781,0.00952314457680381,0.9376622389930737,9,36,0,0
27,2010-09-10,1913494.81,1,70.38,2.837,136.6212085,7.982,2010,3,0,-0.433883739117558,-0.9009688679024191,-1.0,-1.8369701987210297e-16,1745362.72,1829428.7650000001,1829428.7650000001,-0.035034013605442116,0.008935006399716672,0.9977749443736094,9,36,0,0
27,2010-11-26,2627910.75,1,46.67,3.186,136.6895714,8.021,2010,4,0,-0.433883739117558,-0.9009688679024191,-0.5000000000000004,0.8660254037844384,1913494.81,2095589.4266666668,2095589.4266666668,0.1230172717659499,0.0005003827791496551,1.0026500662516564,11,47,1,0
27,2010-12-31,1440963.0,1,29.59,3.336,136.665265,8.021,2010,4,1,-0.433883739117558,-0.9009688679024191,-2.4492935982947064e-16,1.0,2627910.75,1931932.82,1931932.82,0.04708097928436916,-0.00017782190514648022,1.0026500662516564,12,52,0,1
27,2011-02-11,1636224.77,1,30.45,3.416,137.1378318,7.827,2011,1,0,-0.433883739117558,-0.9009688679024191,0.8660254037844386,0.5000000000000001,1440963.0,1904648.3325,1872791.2100000002,0.023980815347721895,0.0034578413176162837,0.9783994599864996,2,6,0,0
27,2011-09-09,1911470.84,1,70.93,3.93,140.2310173,7.85,2011,3,0,-0.433883739117558,-0.9009688679024191,-1.0,-1.8369701987210297e-16,1636224.77,1904142.34,1879237.8150000002,0.15046838407494145,0.022555304100994267,0.9812745318632965,9,36,0,0
27,2011-11-25,2504400.71,1,47.88,3.689,140.4217857,7.906,2011,4,0,-0.433883739117558,-0.9009688679024191,-0.5000000000000004,0.8660254037844384,1911470.84,1873264.83,1968546.8000000003,-0.061323155216285063,0.0013603866225393446,0.9882747068676716,11,47,1,0
27,2011-12-30,1650604.6,1,37.85,3.566,140.5874505,7.906,2011,4,0,-0.433883739117558,-0.9009688679024191,-2.4492935982947064e-16,1.0,2504400.71,1925675.23,1928804.0250000001,-0.03334236920574685,0.0011797656551237878,0.9882747068676716,12,52,0,1
27,2012-02-10,1651605.35,1,37.86,3.826,141.1199827,8.009,2012,1,0,-0.433883739117558,-0.9009688679024191,0.8660254037844386,0.5000000000000001,1650604.6,1929520.3750000002,1898004.1722222222,0.07291082445316888,0.0037879070863442443,1.0011500287507187,2,6,0,0
27,2012-09-07,1840955.23,1,76.0,4.076,142.500303,8.239,2012,3,0,-0.433883739117558,-0.9009688679024191,-1.0,-1.8369701987210297e-16,1651605.35,1911891.4725000001,1892299.2780000002,0.06534239414532128,0.009781182463254323,1.029900747518688,9,36,0,0
28,2010-09-10,1246062.17,1,83.63,3.044,126.1145806,14.18,2010,3,0,-0.433883739117558,-0.9009688679024191,-1.0,-1.8369701987210297e-16,1558968.49,1402515.33,1402515.33,0.033265444670739885,-0.003017302691264434,1.0645805492574962,9,36,0,0
28,2010-11-26,1937033.5,1,47.66,3.162,126.6692667,14.313,2010,4,0,-0.433883739117558,-0.9009688679024191,-0.5000000000000004,0.8660254037844384,1246062.17,1580688.0533333335,1580688.0533333335,0.038764783180026186,0.004398270979937724,1.074565684169432,11,47,1,0
28,2010-12-31,1090558.57,1,45.64,3.148,127.0876774,14.313,2010,4,1,-0.433883739117558,-0.9009688679024191,-2.4492935982947064e-16,1.0,1937033.5,1458155.6825,1458155.6825,-0.0044275774826059155,0.0033031745655476286,1.074565684169432,12,52,0,1
28,2011-02-11,1397301.38,1,51.3,3.381,127.859129,14.021,2011,1,0,-0.433883739117558,-0.9009688679024191,0.8660254037844386,0.5000000000000001,1090558.57,1417738.9049999998,1445984.822,0.07401524777636581,0.006070231322049313,1.0526434330845809,2,6,0,0
28,2011-09-09,1310087.0,1,88.0,3.913,129.3686129,13.503,2011,3,0,-0.433883739117558,-0.9009688679024191,-1.0,-1.8369701987210297e-16,1397301.38,1433745.1124999998,1423335.1849999998,0.15734989648033126,0.011805835936830045,1.0137539602696737,9,36,0,0
28,2011-11-25,1929738.27,1,53.25,3.622,129.8364,12.89,2011,4,0,-0.433883739117558,-0.9009688679024191,-0.5000000000000004,0.8660254037844384,1310087.0,1431921.305,1495678.4828571428,-0.07436749297214407,0.003615924214643851,0.9677322482319555,11,47,1,0
28,2011-12-30,1270036.53,1,44.64,3.428,130.0710323,12.89,2011,4,0,-0.433883739117558,-0.9009688679024191,-2.4492935982947064e-16,1.0,1929738.27,1476790.7950000002,1467473.23875,-0.05356156819436775,0.0018071380598969622,0.9677322482319555,12,52,0,1
28,2012-02-10,1572966.15,1,52.27,3.722,130.3849032,12.187,2012,1,0,-0.433883739117558,-0.9009688679024191,0.8660254037844386,0.5000000000000001,1270036.53,1520706.9875,1479194.6733333333,0.0857642940490082,0.0024130730297893255,0.9149536779831529,2,6,0,0
28,2012-09-07,1469693.99,1,88.52,4.124,130.9325484,10.926,2012,3,0,-0.433883739117558,-0.9009688679024191,-1.0,-1.8369701987210297e-16,1572966.15,1560608.7349999999,1478244.605,0.10800644814615801,0.004200219400860794,0.8202825868256279,9,36,0,0
29,2010-09-10,491290.37,1,68.6,2.717,132.7564516,10.409,2010,3,0,-0.433883739117558,-0.9009688679024191,-1.0,-1.8369701987210297e-16,529672.95,510481.66,510481.66,-0.01948754962107535,0.008890256191099066,1.0539585463897694,9,36,0,0
29,2010-11-26,975268.91,1,44.61,3.07,132.8369333,10.524,2010,4,0,-0.433883739117558,-0.9009688679024191,-0.5000000000000004,0.8660254037844384,491290.37,665410.7433333333,665410.7433333333,0.12992270887007717,0.0006062356972489358,1.0656028189264992,11,47,1,0
29,2010-12-31,465992.02,1,28.49,3.177,132.8150323,10.524,2010,4,1,-0.433883739117558,-0.9009688679024191,-2.4492935982947064e-16,1.0,975268.91,615556.0625,615556.0625,0.0348534201954398,-0.00016487131595044335,1.0656028189264992,12,52,0,1
29,2011-02-11,550387.78,1,28.89,3.255,133.260871,10.256,2011,1,0,-0.433883739117558,-0.9009688679024191,0.8660254037844386,0.5000000000000001,465992.02,620734.77,602522.4060000001,0.02455146364494798,0.003356839148997315,1.0384666011887285,2,6,0,0
29,2011-09-09,505406.72,1,69.14,3.809,136.2745806,9.863,2011,3,0,-0.433883739117558,-0.9009688679024191,-1.0,-1.8369701987210297e-16,550387.78,624263.8574999999,586336.4583333334,0.17019969278033797,0.022615112578695307,0.9986735654762507,9,36,0,0
29,2011-11-25,913165.19,1,46.28,3.536,136.4788,9.357,2011,4,0,-0.433883739117558,-0.9009688679024191,-0.5000000000000004,0.8660254037844384,505406.72,608737.9275,633026.2771428571,-0.07167235494880553,0.0014985876243451823,0.9474387663146384,11,47,1,0
29,2011-12-30,551743.05,1,36.28,3.402,136.6432581,9.357,2011,4,0,-0.433883739117558,-0.9009688679024191,-2.4492935982947064e-16,1.0,913165.19,630175.685,622865.87375,-0.03789592760180993,0.0012050083969084024,0.9474387663146384,12,52,0,1
29,2012-02-10,545840.05,1,35.68,3.655,137.1666774,8.988,2012,1,0,-0.433883739117558,-0.9009688679024191,0.8660254037844386,0.5000000000000001,551743.05,629038.7525,614307.4488888889,0.07436801881246313,0.003830553422671912,0.9100758396533045,2,6,0,0
29,2012-09-07,540811.85,1,73.3,3.921,138.4729355,9.419,2012,3,0,-0.433883739117558,-0.9009688679024191,-1.0,-1.8369701987210297e-16,545840.05,637890.035,606957.889,0.07277701778385781,0.00952314457680381,0.953716548030093,9,36,0,0
30,2010-09-10,455162.92,1,79.3,2.565,211.1532104,8.099,2010,3,0,-0.433883739117558,-0.9009688679024191,-1.0,-1.8369701987210297e-16,497374.57,476268.745,476268.745,0.006671899529042458,0.0012101438034781697,1.0500045376168436,9,36,0,0
30,2010-11-26,462732.36,1,62.96,2.735,211.4062867,8.163,2010,4,0,-0.433883739117558,-0.9009688679024191,-0.5000000000000004,0.8660254037844384,455162.92,471756.6166666667,471756.6166666667,0.06627680311890827,0.0011985434629224745,1.0583018941309168,11,47,1,0
30,2010-12-31,397631.02,1,47.19,2.943,211.064774,8.163,2010,4,1,-0.433883739117558,-0.9009688679024191,-2.4492935982947064e-16,1.0,462732.36,453225.2175,453225.2175,0.07605118829981716,-0.0016154330381131787,1.0583018941309168,12,52,0,1
30,2011-02-11,470921.24,1,34.61,3.022,212.5928624,8.028,2011,1,0,-0.433883739117558,-0.9009688679024191,0.8660254037844386,0.5000000000000001,397631.02,446611.885,456764.42199999996,0.02684335711858643,0.007239902571331003,1.040799657734044,2,6,0,0
30,2011-09-09,370897.82,1,78.87,3.546,215.5148295,7.852,2011,3,0,-0.433883739117558,-0.9009688679024191,-1.0,-1.8369701987210297e-16,470921.24,425545.61,442453.3216666667,0.17339510258107205,0.013744427103588253,1.017981927320343,9,36,0,0
30,2011-11-25,452163.93,1,56.43,3.236,218.1130269,7.441,2011,4,0,-0.433883739117558,-0.9009688679024191,-0.5000000000000004,0.8660254037844384,370897.82,422903.50250000006,443840.5514285714,-0.08742244782853914,0.01205577085357823,0.9646973409565297,11,47,1,0
30,2011-12-30,376777.45,1,45.16,3.129,219.1773063,7.441,2011,4,0,-0.433883739117558,-0.9009688679024191,-2.4492935982947064e-16,1.0,452163.93,417690.11000000004,435457.66375,-0.03306551297898641,0.004879485719520682,0.9646973409565297,12,52,0,1
30,2012-02-10,451365.99,1,46.52,3.409,219.9049073,7.057,2012,1,0,-0.433883739117558,-0.9009688679024191,0.8660254037844386,0.5000000000000001,376777.45,412801.29750000004,437225.2555555555,0.08948545861297541,0.003319691314227935,0.9149132018720912,2,6,0,0
30,2012-09-07,433565.77,1,88.4,3.73,222.0747635,6.565,2012,3,0,-0.433883739117558,-0.9009688679024191,-1.0,-1.8369701987210297e-16,451365.99,428468.28500000003,436859.30700000003,0.09416251100029349,0.00986724774195169,0.8511272736701543,9,36,0,0
31,2010-09-10,1308179.02,1,79.3,2.565,211.1532104,8.099,2010,3,0,-0.433883739117558,-0.9009688679024191,-1.0,-1.8369701987210297e-16,1543947.23,1426063.125,1426063.125,0.006671899529042458,0.0012101438034781697,1.0500045376168436,9,36,0,0
31,2010-11-26,1858856.06,1,62.96,2.735,211.4062867,8.163,2010,4,0,-0.433883739117558,-0.9009688679024191,-0.5000000000000004,0.8660254037844384,1308179.02,1570327.4366666668,1570327.4366666668,0.06627680311890827,0.0011985434629224745,1.0583018941309168,11,47,1,0
31,2010-12-31,1198071.6,1,47.19,2.943,211.064774,8.163,2010,4,1,-0.433883739117558,-0.9009688679024191,-2.4492935982947064e-16,1.0,1858856.06,1477263.4775,1477263.4775,0.07605118829981716,-0.0016154330381131787,1.0583018941309168,12,52,0,1
31,2011-02-11,1539230.32,1,34.61,3.022,212.5928624,8.028,2011,1,0,-0.433883739117558,-0.9009688679024191,0.8660254037844386,0.5000000000000001,1198071.6,1476084.25,1489656.8460000001,0.02684335711858643,0.007239902571331003,1.040799657734044,2,6,0,0
31,2011-09-09,1376670.27,1,78.87,3.546,215.5148295,7.852,2011,3,0,-0.433883739117558,-0.9009688679024191,-1.0,-1.8369701987210297e-16,1539230.32,1493207.0625,1470825.75,0.17339510258107205,0.013744427103588253,1.017981927320343,9,36,0,0
31,2011-11-25,1934099.65,1,56.43,3.236,218.1130269,7.441,2011,4,0,-0.433883739117558,-0.9009688679024191,-0.5000000000000004,0.8660254037844384,1376670.27,1512017.96,1537007.7357142859,-0.08742244782853914,0.01205577085357823,0.9646973409565297,11,47,1,0
31,2011-12-30,1355405.95,1,45.16,3.129,219.1773063,7.441,2011,4,0,-0.433883739117558,-0.9009688679024191,-2.4492935982947064e-16,1.0,1934099.65,1551351.5475,1514307.5125,-0.03306551297898641,0.004879485719520682,0.9646973409565297,12,52,0,1
31,2012-02-10,1527688.58,1,46.52,3.409,219.9049073,7.057,2012,1,0,-0.433883739117558,-0.9009688679024191,0.8660254037844386,0.5000000000000001,1355405.95,1548466.1125,1515794.2977777778,0.08948545861297541,0.003319691314227935,0.9149132018720912,2,6,0,0
31,2012-09-07,1358111.62,1,88.4,3.73,222.0747635,6.565,2012,3,0,-0.433883739117558,-0.9009688679024191,-1.0,-1.8369701987210297e-16,1527688.58,1543826.45,1500026.03,0.09416251100029349,0.00986724774195169,0.8511272736701543,9,36,0,0
32,2010-09-10,1028635.39,1,68.44,2.78,190.3958293,9.017,2010,3,0,-0.433883739117558,-0.9009688679024191,-1.0,-1.8369701987210297e-16,1123566.12,1076100.7550000001,1076100.7550000001,0.08087091757387244,0.004916794009276915,1.0376413997859584,9,36,0,0
32,2010-11-26,1634635.86,1,29.97,2.742,191.0121805,9.137,2010,4,0,-0.433883739117558,-0.9009688679024191,-0.5000000000000004,0.8660254037844384,1028635.39,1262279.1233333333,1262279.1233333333,-0.013669064748201398,0.0032372095663337763,1.0514505345285907,11,47,1,0
32,2010-12-31,955463.84,1,27.7,2.829,191.2557002,9.137,2010,4,1,-0.433883739117558,-0.9009688679024191,-2.4492935982947064e-16,1.0,1634635.86,1185575.3025,1185575.3025,0.03172866520787743,0.0012748909486430815,1.0514505345285907,12,52,0,1
32,2011-02-11,1124357.2,1,18.51,3.037,191.8572881,8.818,2011,1,0,-0.433883739117558,-0.9009688679024191,0.8660254037844386,0.5000000000000001,955463.84,1185773.0725,1173331.682,0.07352421350300453,0.00314546389661019,1.0147412513377598,2,6,0,0
32,2011-09-09,1128237.3,1,61.24,3.566,194.6387853,8.622,2011,3,0,-0.433883739117558,-0.9009688679024191,-1.0,-1.8369701987210297e-16,1124357.2,1210673.55,1165815.9516666667,0.17418505103720783,0.014497740625574851,0.9921863312581273,9,36,0,0
32,2011-11-25,1684468.66,1,40.22,3.424,195.7704,8.513,2011,4,0,-0.433883739117558,-0.9009688679024191,-0.5000000000000004,0.8660254037844384,1128237.3,1223131.75,1239909.1957142858,-0.03982052720134599,0.005813921918264242,0.979643033866903,11,47,1,0
32,2011-12-30,1102367.65,1,32.99,3.119,196.3586101,8.513,2011,4,0,-0.433883739117558,-0.9009688679024191,-2.4492935982947064e-16,1.0,1684468.66,1259857.7025000001,1222716.5025,-0.08907710280373826,0.003004591603225082,0.979643033866903,12,52,0,1
32,2012-02-10,1129422.86,1,23.34,3.103,196.9195056,8.256,2012,1,0,-0.433883739117558,-0.9009688679024191,0.8660254037844386,0.5000000000000001,1102367.65,1261124.1175,1212350.5422222223,-0.005129849310676504,0.0028564853851551497,0.9500684702930989,2,6,0,0
32,2012-09-07,1126685.95,1,72.56,3.596,198.0950484,7.872,2012,3,0,-0.433883739117558,-0.9009688679024191,-1.0,-1.8369701987210297e-16,1129422.86,1260736.28,1203784.083,0.1588785046728971,0.005969661544793059,0.9058792391166757,9,36,0,0
33,2010-09-10,272834.88,1,91.77,2.961,126.1145806,9.495,2010,3,0,-0.433883739117558,-0.9009688679024191,-1.0,-1.8369701987210297e-16,294882.83,283858.855,283858.855,0.04702970297029707,-0.003017302691264434,1.100193504281427,9,36,0,0
33,2010-11-26,240044.57,1,56.87,3.162,126.6692667,9.265,2010,4,0,-0.433883739117558,-0.9009688679024191,-0.5000000000000004,0.8660254037844384,272834.88,269254.0933333333,269254.0933333333,0.0678824721377913,0.004398270979937724,1.073543214025005,11,47,1,0
33,2010-12-31,219804.85,1,52.91,3.148,127.0876774,9.265,2010,4,1,-0.433883739117558,-0.9009688679024191,-2.4492935982947064e-16,1.0,240044.57,256891.7825,256891.7825,-0.0044275774826059155,0.0033031745655476286,1.073543214025005,12,52,0,1
33,2011-02-11,276198.74,1,53.35,3.381,127.859129,8.951,2011,1,0,-0.433883739117558,-0.9009688679024191,0.8660254037844386,0.5000000000000001,219804.85,252220.76,260753.17400000003,0.07401524777636581,0.006070231322049313,1.0371597742836287,2,6,0,0
33,2011-09-09,281842.28,1,96.22,3.771,129.3686129,8.442,2011,3,0,-0.433883739117558,-0.9009688679024191,-1.0,-1.8369701987210297e-16,276198.74,254472.61,264268.02499999997,0.11535048802129544,0.011805835936830045,0.9781815232378944,9,36,0,0
33,2011-11-25,255996.47,1,62.35,3.76,129.8364,8.01,2011,4,0,-0.433883739117558,-0.9009688679024191,-0.5000000000000004,0.8660254037844384,281842.28,258460.585,263086.3742857143,-0.0029169981437284775,0.003615924214643851,0.9281253258867015,11,47,1,0
33,2011-12-30,215359.21,1,51.6,3.428,130.0710323,8.01,2011,4,0,-0.433883739117558,-0.9009688679024191,-2.4492935982947064e-16,1.0,255996.47,257349.175,257120.47875,-0.08829787234042552,0.0018071380598969622,0.9281253258867015,12,52,0,1
33,2012-02-10,282552.58,1,59.94,3.722,130.3849032,7.603,2012,1,0,-0.433883739117558,-0.9009688679024191,0.8660254037844386,0.5000000000000001,215359.21,258937.635,259946.2677777778,0.0857642940490082,0.0024130730297893255,0.8809658992155545,2,6,0,0
33,2012-09-07,286428.78,1,92.02,4.124,130.9325484,7.147,2012,3,0,-0.433883739117558,-0.9009688679024191,-1.0,-1.8369701987210297e-16,282552.58,260084.26,262594.519,0.10800644814615801,0.004200219400860794,0.8281288020115176,9,36,0,0
34,2010-09-10,932240.96,1,72.61,2.574,126.1145806,9.816,2010,3,0,-0.433883739117558,-0.9009688679024191,-1.0,-1.8369701987210297e-16,994610.99,963425.975,963425.975,0.0003886513797124458,-0.003017302691264434,0.9813056083175048,9,36,0,0
34,2010-11-26,1309476.68,1,41.13,2.752,126.6692667,10.21,2010,4,0,-0.433883739117558,-0.9009688679024191,-0.5000000000000004,0.8660254037844384,932240.96,1078776.21,1078776.21,0.06915306915306907,0.004398270979937724,1.0206937918624412,11,47,1,0
34,2010-12-31,902109.69,1,34.11,2.955,127.0876774,10.21,2010,4,1,-0.433883739117558,-0.9009688679024191,-2.4492935982947064e-16,1.0,1309476.68,1034609.58,1034609.58,0.07376453488372103,0.0033031745655476286,1.0206937918624412,12,52,0,1
34,2011-02-11,1015654.6,1,28.66,3.033,127.859129,10.398,2011,1,0,-0.433883739117558,-0.9009688679024191,0.8660254037844386,0.5000000000000001,902109.69,1039870.4825,1030818.584,0.02639593908629445,0.006070231322049313,1.0394881535539338,2,6,0,0
34,2011-09-09,930506.14,1,70.05,3.554,129.3686129,10.641,2011,3,0,-0.433883739117558,-0.9009688679024191,-1.0,-1.8369701987210297e-16,1015654.6,1039436.7774999999,1014099.8433333333,0.17177711836465548,0.011805835936830045,1.0637808657402779,9,36,0,0
34,2011-11-25,1345595.82,1,45.99,3.225,129.8364,10.148,2011,4,0,-0.433883739117558,-0.9009688679024191,-0.5000000000000004,0.8660254037844384,930506.14,1048466.5625,1061456.4114285714,-0.09257175014068653,0.003615924214643851,1.0144956513046086,11,47,1,0
34,2011-12-30,965512.36,1,28.84,3.119,130.0710323,10.148,2011,4,0,-0.433883739117558,-0.9009688679024191,-2.4492935982947064e-16,1.0,1345595.82,1064317.23,1049463.405,-0.03286821705426357,0.0018071380598969622,1.0144956513046086,12,52,0,1
34,2012-02-10,1047658.09,1,36.7,3.411,130.3849032,9.653,2012,1,0,-0.433883739117558,-0.9009688679024191,0.8660254037844386,0.5000000000000001,965512.36,1072318.1025,1049262.8144444444,0.09361974991984612,0.0024130730297893255,0.9650104968509448,2,6,0,0
34,2012-09-07,976415.56,1,78.26,3.709,130.9325484,9.285,2012,3,0,-0.433883739117558,-0.9009688679024191,-1.0,-1.8369701987210297e-16,1047658.09,1083795.4575,1041978.089,0.08736440926414546,0.004200219400860794,0.928221533539938,9,36,0,0
35,2010-09-10,961685.98,1,70.38,2.699,136.6212085,8.861,2010,3,0,-0.433883739117558,-0.9009688679024191,-1.0,-1.8369701987210297e-16,1168815.31,1065250.645,1065250.645,-0.026685899747565966,0.008935006399716672,1.0074469899380365,9,36,0,0
35,2010-11-26,1781866.98,1,46.67,3.039,136.6895714,8.763,2010,4,0,-0.433883739117558,-0.9009688679024191,-0.5000000000000004,0.8660254037844384,961685.98,1304122.7566666666,1304122.7566666666,0.12597258243794007,0.0005003827791496551,0.9963049286566994,11,47,1,0
35,2010-12-31,576332.05,1,29.59,3.179,136.665265,8.763,2010,4,1,-0.433883739117558,-0.9009688679024191,-2.4492935982947064e-16,1.0,1781866.98,1122175.08,1122175.08,0.04606778545574186,-0.00017782190514648022,0.9963049286566994,12,52,0,1
35,2011-02-11,859258.17,1,30.45,3.239,137.1378318,8.549,2011,1,0,-0.433883739117558,-0.9009688679024191,0.8660254037844386,0.5000000000000001,576332.05,1044785.795,1069591.698,0.01887385970430966,0.0034578413176162837,0.971974305042351,2,6,0,0
35,2011-09-09,922440.64,1,70.93,3.738,140.2310173,8.684,2011,3,0,-0.433883739117558,-0.9009688679024191,-1.0,-1.8369701987210297e-16,859258.17,1034974.46,1045066.5216666666,0.15405989502933015,0.022555304100994267,0.9873230629299072,9,36,0,0
35,2011-11-25,1733822.4,1,47.88,3.492,140.4217857,8.745,2011,4,0,-0.433883739117558,-0.9009688679024191,-0.5000000000000004,0.8660254037844384,922440.64,1022963.315,1143460.2185714287,-0.0658105939004815,0.0013603866225393446,0.9942584276050251,11,47,1,0
35,2011-12-30,904650.55,1,37.85,3.389,140.5874505,8.745,2011,4,0,-0.433883739117558,-0.9009688679024191,-2.4492935982947064e-16,1.0,1733822.4,1105042.94,1113609.01,-0.029495990836197028,0.0011797656551237878,0.9942584276050251,12,52,0,1
35,2012-02-10,849779.14,1,37.86,3.64,141.1199827,8.744,2012,1,0,-0.433883739117558,-0.9009688679024191,0.8660254037844386,0.5000000000000001,904650.55,1102673.1824999999,1084294.58,0.07406314547064041,0.0037879070863442443,0.9941447331021545,2,6,0,0
35,2012-09-07,984833.35,1,76.0,3.911,142.500303,8.839,2012,3,0,-0.433883739117558,-0.9009688679024191,-1.0,-1.8369701987210297e-16,849779.14,1118271.36,1074348.457,0.07445054945054941,0.009781182463254323,1.0049457108748792,9,36,0,0
36,2010-09-10,434471.38,1,80.58,2.513,210.2641156,8.36,2010,3,0,-0.433883739117558,-0.9009688679024191,-1.0,-1.8369701987210297e-16,469563.7,452017.54000000004,452017.54000000004,-0.01024025206774326,0.0012718980439936356,1.0484467687522732,9,36,0,0
36,2010-11-26,408891.49,1,67.73,2.725,210.5152765,8.476,2010,4,0,-0.433883739117558,-0.9009688679024191,-0.5000000000000004,0.8660254037844384,434471.38,437642.19,437642.19,0.08436132113012351,0.0011945019685517533,1.0629945947301758,11,47,1,0
36,2010-12-31,359310.65,1,52.88,2.949,210.182398,8.476,2010,4,1,-0.433883739117558,-0.9009688679024191,-2.4492935982947064e-16,1.0,408891.49,418059.305,418059.305,0.08220183486238519,-0.0015812557907168845,1.0629945947301758,12,52,0,1
36,2011-02-11,401501.2,1,41.16,3.009,211.6985093,8.395,2011,1,0,-0.433883739117558,-0.9009688679024191,0.8660254037844386,0.5000000000000001,359310.65,401043.68000000005,414747.684,0.020345879959308366,0.007213312410680572,1.0528361990042265,2,6,0,0
36,2011-09-09,352960.64,1,77.94,3.499,214.6155376,8.177,2011,3,0,-0.433883739117558,-0.9009688679024191,-1.0,-1.8369701987210297e-16,401501.2,380665.995,404449.8433333333,0.16284479893652382,0.013779163158235797,1.025496319149203,9,36,0,0
36,2011-11-25,332811.55,1,66.41,3.181,217.1812533,7.716,2011,4,0,-0.433883739117558,-0.9009688679024191,-0.5000000000000004,0.8660254037844384,352960.64,361646.01,394215.8014285714,-0.09088310945984568,0.011954939184235513,0.9676812521163326,11,47,1,0
36,2011-12-30,287425.22,1,48.26,3.132,218.2302364,7.716,2011,4,0,-0.433883739117558,-0.9009688679024191,-2.4492935982947064e-16,1.0,332811.55,343674.6525,380866.97875,-0.015403961018547574,0.0048299891637102466,0.9676812521163326,12,52,0,1
36,2012-02-10,335741.9,1,54.49,3.462,218.9551002,7.244,2012,1,0,-0.433883739117558,-0.9009688679024191,0.8660254037844386,0.5000000000000001,287425.22,327234.8275,375853.0811111111,0.1053639846743295,0.003321555307631119,0.9084866498614195,2,6,0,0
36,2012-09-07,293728.57,1,84.19,3.697,221.1181142,6.623,2012,3,0,-0.433883739117558,-0.9009688679024191,-1.0,-1.8369701987210297e-16,335741.9,312426.81,367640.63,0.06787983824378974,0.00987880162656296,0.8306056159624767,9,36,0,0
37,2010-09-10,510296.07,1,80.58,2.565,210.2641156,8.36,2010,3,0,-0.433883739117558,-0.9009688679024191,-1.0,-1.8369701987210297e-16,529852.7,520074.385,520074.385,0.006671899529042458,0.0012718980439936356,1.0484467687522732,9,36,0,0
37,2010-11-26,518220.72,1,67.73,2.735,210.5152765,8.476,2010,4,0,-0.433883739117558,-0.9009688679024191,-0.5000000000000004,0.8660254037844384,510296.07,519456.49666666664,519456.49666666664,0.06627680311890827,0.0011945019685517533,1.0629945947301758,11,47,1,0
37,2010-12-31,460331.7,1,52.88,2.943,210.182398,8.476,2010,4,1,-0.433883739117558,-0.9009688679024191,-2.4492935982947064e-16,1.0,518220.72,504675.2975,504675.2975,0.07605118829981716,-0.0015812557907168845,1.0629945947301758,12,52,0,1
37,2011-02-11,522514.32,1,41.16,3.022,211.6985093,8.395,2011,1,0,-0.433883739117558,-0.9009688679024191,0.8660254037844386,0.5000000000000001,460331.7,502840.7025,508243.10199999996,0.02684335711858643,0.007213312410680572,1.0528361990042265,2,6,0,0
37,2011-09-09,506273.74,1,77.94,3.546,214.6155376,8.177,2011,3,0,-0.433883739117558,-0.9009688679024191,-1.0,-1.8369701987210297e-16,522514.32,501835.12,507914.875,0.17339510258107205,0.013779163158235797,1.025496319149203,9,36,0,0
37,2011-11-25,522554.04,1,66.41,3.236,217.1812533,7.716,2011,4,0,-0.433883739117558,-0.9009688679024191,-0.5000000000000004,0.8660254037844384,506273.74,502918.44999999995,510006.1842857143,-0.08742244782853914,0.011954939184235513,0.9676812521163326,11,47,1,0
37,2011-12-30,451327.61,1,48.26,3.129,218.2302364,7.716,2011,4,0,-0.433883739117558,-0.9009688679024191,-2.4492935982947064e-16,1.0,522554.04,500667.4275,502671.3625,-0.03306551297898641,0.0048299891637102466,0.9676812521163326,12,52,0,1
37,2012-02-10,527041.46,1,54.49,3.409,218.9551002,7.244,2012,1,0,-0.433883739117558,-0.9009688679024191,0.8660254037844386,0.5000000000000001,451327.61,501799.21249999997,505379.15111111104,0.08948545861297541,0.003321555307631119,0.9084866498614195,2,6,0,0
37,2012-09-07,526838.14,1,84.19,3.73,221.1181142,6.623,2012,3,0,-0.433883739117558,-0.9009688679024191,-1.0,-1.8369701987210297e-16,527041.46,506940.3125,507525.05,0.09416251100029349,0.00987880162656296,0.8306056159624767,9,36,0,0
38,2010-09-10,336227.69,1,83.63,3.044,126.1145806,14.18,2010,3,0,-0.433883739117558,-0.9009688679024191,-1.0,-1.8369701987210297e-16,342214.9,339221.29500000004,339221.29500000004,0.033265444670739885,-0.003017302691264434,1.0645805492574962,9,36,0,0
38,2010-11-26,360857.98,1,47.66,3.162,126.6692667,14.313,2010,4,0,-0.433883739117558,-0.9009688679024191,-0.5000000000000004,0.8660254037844384,336227.69,346433.5233333334,346433.5233333334,0.038764783180026186,0.004398270979937724,1.074565684169432,11,47,1,0
38,2010-12-31,303908.81,1,45.64,3.148,127.0876774,14.313,2010,4,1,-0.433883739117558,-0.9009688679024191,-2.4492935982947064e-16,1.0,360857.98,335802.345,335802.345,-0.0044275774826059155,0.0033031745655476286,1.074565684169432,12,52,0,1
38,2011-02-11,377672.46,1,51.3,3.381,127.859129,14.021,2011,1,0,-0.433883739117558,-0.9009688679024191,0.8660254037844386,0.5000000000000001,303908.81,344666.735,344176.368,0.07401524777636581,0.006070231322049313,1.0526434330845809,2,6,0,0
38,2011-09-09,397771.68,1,88.0,3.913,129.3686129,13.503,2011,3,0,-0.433883739117558,-0.9009688679024191,-1.0,-1.8369701987210297e-16,377672.46,360052.73250000004,353108.92,0.15734989648033126,0.011805835936830045,1.0137539602696737,9,36,0,0
38,2011-11-25,393715.71,1,53.25,3.622,129.8364,12.89,2011,4,0,-0.433883739117558,-0.9009688679024191,-0.5000000000000004,0.8660254037844384,397771.68,368267.16500000004,358909.89,-0.07436749297214407,0.003615924214643851,0.9677322482319555,11,47,1,0
38,2011-12-30,342667.35,1,44.64,3.428,130.0710323,12.89,2011,4,0,-0.433883739117558,-0.9009688679024191,-2.4492935982947064e-16,1.0,393715.71,377956.8,356879.5725,-0.05356156819436775,0.0018071380598969622,0.9677322482319555,12,52,0,1
38,2012-02-10,469787.38,1,52.27,3.722,130.3849032,12.187,2012,1,0,-0.433883739117558,-0.9009688679024191,0.8660254037844386,0.5000000000000001,342667.35,400985.53,369424.88444444444,0.0857642940490082,0.0024130730297893255,0.9149536779831529,2,6,0,0
38,2012-09-07,490274.82,1,88.52,4.124,130.9325484,10.926,2012,3,0,-0.433883739117558,-0.9009688679024191,-1.0,-1.8369701987210297e-16,469787.38,424111.31499999994,381509.878,0.10800644814615801,0.004200219400860794,0.8202825868256279,9,36,0,0
39,2010-09-10,1279666.47,1,79.94,2.565,210.2641156,8.36,2010,3,0,-0.433883739117558,-0.9009688679024191,-1.0,-1.8369701987210297e-16,1266229.07,1272947.77,1272947.77,0.006671899529042458,0.0012718980439936356,1.0484467687522732,9,36,0,0
39,2010-11-26,2149355.2,1,67.75,2.735,210.5152765,8.476,2010,4,0,-0.433883739117558,-0.9009688679024191,-0.5000000000000004,0.8660254037844384,1279666.47,1565083.58,1565083.58,0.06627680311890827,0.0011945019685517533,1.0629945947301758,11,47,1,0
39,2010-12-31,1230012.16,1,52.45,2.943,210.182398,8.476,2010,4,1,-0.433883739117558,-0.9009688679024191,-2.4492935982947064e-16,1.0,2149355.2,1481315.725,1481315.725,0.07605118829981716,-0.0015812557907168845,1.0629945947301758,12,52,0,1
39,2011-02-11,1227893.89,1,40.34,3.022,211.6985093,8.395,2011,1,0,-0.433883739117558,-0.9009688679024191,0.8660254037844386,0.5000000000000001,1230012.16,1471731.93,1430631.358,0.02684335711858643,0.007213312410680572,1.0528361990042265,2,6,0,0
39,2011-09-09,1429345.86,1,79.15,3.546,214.6155376,8.177,2011,3,0,-0.433883739117558,-0.9009688679024191,-1.0,-1.8369701987210297e-16,1227893.89,1509151.7775,1430417.1083333334,0.17339510258107205,0.013779163158235797,1.025496319149203,9,36,0,0
39,2011-11-25,2338832.4,1,66.36,3.236,217.1812533,7.716,2011,4,0,-0.433883739117558,-0.9009688679024191,-0.5000000000000004,0.8660254037844384,1429345.86,1556521.0775,1560190.7214285715,-0.08742244782853914,0.011954939184235513,0.9676812521163326,11,47,1,0
39,2011-12-30,1537139.56,1,47.6,3.129,218.2302364,7.716,2011,4,0,-0.433883739117558,-0.9009688679024191,-2.4492935982947064e-16,1.0,2338832.4,1633302.9274999998,1557309.32625,-0.03306551297898641,0.0048299891637102466,0.9676812521163326,12,52,0,1
39,2012-02-10,1442988.44,1,52.89,3.409,218.9551002,7.244,2012,1,0,-0.433883739117558,-0.9009688679024191,0.8660254037844386,0.5000000000000001,1537139.56,1687076.565,1544607.0055555557,0.08948545861297541,0.003321555307631119,0.9084866498614195,2,6,0,0
39,2012-09-07,1609811.75,1,83.71,3.73,221.1181142,6.623,2012,3,0,-0.433883739117558,-0.9009688679024191,-1.0,-1.8369701987210297e-16,1442988.44,1732193.0374999999,1551127.48,0.09416251100029349,0.00987880162656296,0.8306056159624767,9,36,0,0
40,2010-09-10,967310.82,1,62.75,2.717,132.7564516,5.326,2010,3,0,-0.433883739117558,-0.9009688679024191,-1.0,-1.8369701987210297e-16,955338.29,961324.5549999999,961324.5549999999,-0.01948754962107535,0.008890256191099066,1.0925800562085872,9,36,0,0
40,2010-11-26,1166142.85,1,32.94,3.07,132.8369333,5.287,2010,4,0,-0.433883739117558,-0.9009688679024191,-0.5000000000000004,0.8660254037844384,967310.82,1029597.32,1029597.32,0.12992270887007717,0.0006062356972489358,1.0845795638705973,11,47,1,0
40,2010-12-31,811318.3,1,19.29,3.177,132.8150323,5.287,2010,4,1,-0.433883739117558,-0.9009688679024191,-2.4492935982947064e-16,1.0,1166142.85,975027.565,975027.565,0.0348534201954398,-0.00016487131595044335,1.0845795638705973,12,52,0,1
40,2011-02-11,931939.52,1,16.87,3.255,133.260871,5.114,2011,1,0,-0.433883739117558,-0.9009688679024191,0.8660254037844386,0.5000000000000001,811318.3,969177.8725,966409.956,0.02455146364494798,0.003356839148997315,1.0490902004225902,2,6,0,0
40,2011-09-09,1021391.99,1,64.83,3.809,136.2745806,4.584,2011,3,0,-0.433883739117558,-0.9009688679024191,-1.0,-1.8369701987210297e-16,931939.52,982698.165,975573.6283333333,0.17019969278033797,0.022615112578695307,0.9403655609575974,9,36,0,0
40,2011-11-25,1230011.95,1,32.76,3.536,136.4788,4.42,2011,4,0,-0.433883739117558,-0.9009688679024191,-0.5000000000000004,0.8660254037844384,1021391.99,998665.44,1011921.96,-0.07167235494880553,0.0014985876243451823,0.9067224649722034,11,47,1,0
40,2011-12-30,908853.15,1,18.75,3.402,136.6432581,4.42,2011,4,0,-0.433883739117558,-0.9009688679024191,-2.4492935982947064e-16,1.0,1230011.95,1023049.1525000001,999038.35875,-0.03789592760180993,0.0012050083969084024,0.9067224649722034,12,52,0,1
40,2012-02-10,999785.48,1,23.92,3.655,137.1666774,4.261,2012,1,0,-0.433883739117558,-0.9009688679024191,0.8660254037844386,0.5000000000000001,908853.15,1040010.6425,999121.3722222222,0.07436801881246313,0.003830553422671912,0.8741050731327057,2,6,0,0
40,2012-09-07,1088248.4,1,65.06,3.921,138.4729355,4.156,2012,3,0,-0.433883739117558,-0.9009688679024191,-1.0,-1.8369701987210297e-16,999785.48,1056724.745,1008034.075,0.07277701778385781,0.00952314457680381,0.8525652860688863,9,36,0,0
41,2010-09-10,1172672.27,1,63.3,2.78,190.3958293,7.335,2010,3,0,-0.433883739117558,-0.9009688679024191,-1.0,-1.8369701987210297e-16,1075656.34,1124164.3050000002,1124164.3050000002,0.08087091757387244,0.004916794009276915,1.0393493262295779,9,36,0,0
41,2010-11-26,1866681.57,1,25.3,2.742,191.0121805,7.508,2010,4,0,-0.433883739117558,-0.9009688679024191,-0.5000000000000004,0.8660254037844384,1172672.27,1371670.06,1371670.06,-0.013669064748201398,0.0032372095663337763,1.0638629504201322,11,47,1,0
41,2010-12-31,1001790.16,1,25.19,2.829,191.2557002,7.508,2010,4,1,-0.433883739117558,-0.9009688679024191,-2.4492935982947064e-16,1.0,1866681.57,1279200.085,1279200.085,0.03172866520787743,0.0012748909486430815,1.0638629504201322,12,52,0,1
41,2011-02-11,1150003.36,1,16.81,3.037,191.8572881,7.241,2011,1,0,-0.433883739117558,-0.9009688679024191,0.8660254037844386,0.5000000000000001,1001790.16,1297786.84,1253360.74,0.07352421350300453,0.00314546389661019,1.0260297847618776,2,6,0,0
41,2011-09-09,1280958.97,1,58.31,3.566,194.6387853,6.901,2011,3,0,-0.433883739117558,-0.9009688679024191,-1.0,-1.8369701987210297e-16,1150003.36,1324858.515,1257960.445,0.17418505103720783,0.014497740625574851,0.977852719878707,9,36,0,0
41,2011-11-25,1906713.35,1,36.37,3.424,195.7704,6.759,2011,4,0,-0.433883739117558,-0.9009688679024191,-0.5000000000000004,0.8660254037844384,1280958.97,1334866.46,1350639.4314285715,-0.03982052720134599,0.005813921918264242,0.9577317104275006,11,47,1,0
41,2011-12-30,1264014.16,1,34.12,3.119,196.3586101,6.759,2011,4,0,-0.433883739117558,-0.9009688679024191,-2.4492935982947064e-16,1.0,1906713.35,1400422.46,1339811.2725,-0.08907710280373826,0.003004591603225082,0.9577317104275006,12,52,0,1
41,2012-02-10,1238844.56,1,22.0,3.103,196.9195056,6.589,2012,1,0,-0.433883739117558,-0.9009688679024191,0.8660254037844386,0.5000000000000001,1264014.16,1422632.7600000002,1328592.7488888889,-0.005129849310676504,0.0028564853851551497,0.9336431779859152,2,6,0,0
41,2012-09-07,1392143.82,1,67.41,3.596,198.0950484,6.432,2012,3,0,-0.433883739117558,-0.9009688679024191,-1.0,-1.8369701987210297e-16,1238844.56,1450428.9725,1334947.8560000001,0.1588785046728971,0.005969661544793059,0.911396709789863,9,36,0,0
42,2010-09-10,589091.04,1,84.04,2.961,126.1145806,9.199,2010,3,0,-0.433883739117558,-0.9009688679024191,-1.0,-1.8369701987210297e-16,575709.96,582400.5,582400.5,0.04702970297029707,-0.003017302691264434,1.089490015870384,9,36,0,0
42,2010-11-26,522296.71,1,55.33,3.162,126.6692667,9.003,2010,4,0,-0.433883739117558,-0.9009688679024191,-0.5000000000000004,0.8660254037844384,589091.04,562365.9033333333,562365.9033333333,0.0678824721377913,0.004398270979937724,1.0662766184238577,11,47,1,0
42,2010-12-31,428953.6,1,49.67,3.148,127.0876774,9.003,2010,4,1,-0.433883739117558,-0.9009688679024191,-2.4492935982947064e-16,1.0,522296.71,529012.8275,529012.8275,-0.0044275774826059155,0.0033031745655476286,1.0662766184238577,12,52,0,1
42,2011-02-11,628063.88,1,51.51,3.381,127.859129,8.744,2011,1,0,-0.433883739117558,-0.9009688679024191,0.8660254037844386,0.5000000000000001,428953.6,542101.3075,548823.038,0.07401524777636581,0.006070231322049313,1.0356017717980908,2,6,0,0
42,2011-09-09,608390.94,1,89.06,3.771,129.3686129,8.257,2011,3,0,-0.433883739117558,-0.9009688679024191,-1.0,-1.8369701987210297e-16,628063.88,546926.2825,558751.0216666666,0.11535048802129544,0.011805835936830045,0.9779235852855483,9,36,0,0
42,2011-11-25,577698.37,1,60.68,3.76,129.8364,7.874,2011,4,0,-0.433883739117558,-0.9009688679024191,-0.5000000000000004,0.8660254037844384,608390.94,560776.6975,561457.7857142857,-0.0029169981437284775,0.003615924214643851,0.9325627117038159,11,47,1,0
42,2011-12-30,454412.28,1,48.92,3.428,130.0710323,7.874,2011,4,0,-0.433883739117558,-0.9009688679024191,-2.4492935982947064e-16,1.0,577698.37,567141.3674999999,548077.0975,-0.08829787234042552,0.0018071380598969622,0.9325627117038159,12,52,0,1
42,2012-02-10,674919.45,1,55.73,3.722,130.3849032,7.545,2012,1,0,-0.433883739117558,-0.9009688679024191,0.8660254037844386,0.5000000000000001,454412.28,578855.26,562170.6922222222,0.0857642940490082,0.0024130730297893255,0.893597365990004,2,6,0,0
42,2012-09-07,617405.35,1,83.07,4.124,130.9325484,7.17,2012,3,0,-0.433883739117558,-0.9009688679024191,-1.0,-1.8369701987210297e-16,674919.45,581108.8625,567694.158,0.10800644814615801,0.004200219400860794,0.8491839780183338,9,36,0,0
43,2010-09-10,722120.04,1,81.32,2.565,203.4214677,9.816,2010,3,0,-0.433883739117558,-0.9009688679024191,-1.0,-1.8369701987210297e-16,682918.99,702519.515,702519.515,0.006671899529042458,0.0010844966069101236,0.9813056083175048,9,36,0,0
43,2010-11-26,633520.34,1,54.76,2.735,203.6952786,10.21,2010,4,0,-0.433883739117558,-0.9009688679024191,-0.5000000000000004,0.8660254037844384,722120.04,679519.79,679519.79,0.06627680311890827,0.00134602755105373,1.0206937918624412,11,47,1,0
43,2010-12-31,534740.3,1,48.61,2.943,203.4176843,10.21,2010,4,1,-0.433883739117558,-0.9009688679024191,-2.4492935982947064e-16,1.0,633520.34,643324.9175,643324.9175,0.07605118829981716,-0.001362792019078296,1.0206937918624412,12,52,0,1
43,2011-02-11,635650.98,1,40.65,3.022,204.873871,10.398,2011,1,0,-0.433883739117558,-0.9009688679024191,0.8660254037844386,0.5000000000000001,534740.3,631507.915,641790.13,0.02684335711858643,0.007158604253170164,1.0394881535539338,2,6,0,0
43,2011-09-09,649128.23,1,79.29,3.546,207.6833894,10.641,2011,3,0,-0.433883739117558,-0.9009688679024191,-1.0,-1.8369701987210297e-16,635650.98,613259.9625,643013.1466666666,0.17339510258107205,0.013713405161363879,1.0637808657402779,9,36,0,0
43,2011-11-25,669965.22,1,55.7,3.236,210.0888571,10.148,2011,4,0,-0.433883739117558,-0.9009688679024191,-0.5000000000000004,0.8660254037844384,649128.23,622371.1825,646863.4428571428,-0.08742244782853914,0.011582378865009124,1.0144956513046086,11,47,1,0
43,2011-12-30,505405.85,1,41.83,3.129,211.0740553,10.148,2011,4,0,-0.433883739117558,-0.9009688679024191,-2.4492935982947064e-16,1.0,669965.22,615037.57,629181.24375,-0.03306551297898641,0.00468943576351144,1.0144956513046086,12,52,0,1
43,2012-02-10,662198.65,1,46.54,3.409,211.7644101,9.653,2012,1,0,-0.433883739117558,-0.9009688679024191,0.8660254037844386,0.5000000000000001,505405.85,621674.4874999999,632849.8444444444,0.08948545861297541,0.003270675777839127,0.9650104968509448,2,6,0,0
43,2012-09-07,663814.18,1,84.99,3.73,213.7990991,9.285,2012,3,0,-0.433883739117558,-0.9009688679024191,-1.0,-1.8369701987210297e-16,662198.65,625345.975,635946.278,0.09416251100029349,0.009608267031458118,0.928221533539938,9,36,0,0
44,2010-09-10,283455.13,1,65.74,2.87,126.1145806,7.804,2010,3,0,-0.433883739117558,-0.9009688679024191,-1.0,-1.8369701987210297e-16,286857.13,285156.13,285156.13,0.07450393111194331,-0.003017302691264434,1.1432087190905895,9,36,0,0
44,2010-11-26,307646.5,1,28.22,2.83,126.6692667,7.61,2010,4,0,-0.433883739117558,-0.9009688679024191,-0.5000000000000004,0.8660254037844384,283455.13,292652.92,292652.92,-0.013937282229965153,0.004398270979937724,1.1147896402203212,11,47,1,0
44,2010-12-31,241937.11,1,26.79,2.868,127.0876774,7.61,2010,4,1,-0.433883739117558,-0.9009688679024191,-2.4492935982947064e-16,1.0,307646.5,279973.9675,279973.9675,0.013427561837455748,0.0033031745655476286,1.1147896402203212,12,52,0,1
44,2011-02-11,307486.73,1,30.83,3.034,127.859129,7.224,2011,1,0,-0.433883739117558,-0.9009688679024191,0.8660254037844386,0.5000000000000001,241937.11,285131.3675,285476.52,0.05788005578800548,0.006070231322049313,1.0582444626743233,2,6,0,0
44,2011-09-09,295811.25,1,70.19,3.619,129.3686129,6.56,2011,3,0,-0.433883739117558,-0.9009688679024191,-1.0,-1.8369701987210297e-16,307486.73,288220.39749999996,287198.97500000003,0.19281476598549774,0.011805835936830045,0.9609750380874252,9,36,0,0
44,2011-11-25,309129.01,1,38.89,3.445,129.8364,6.078,2011,4,0,-0.433883739117558,-0.9009688679024191,-0.5000000000000004,0.8660254037844384,295811.25,288591.025,290331.83714285714,-0.048079579994473765,0.003615924214643851,0.8903668112035628,11,47,1,0
44,2011-12-30,263917.85,1,31.53,3.119,130.0710323,6.078,2011,4,0,-0.433883739117558,-0.9009688679024191,-2.4492935982947064e-16,1.0,309129.01,294086.20999999996,287030.08875,-0.09462989840348324,0.0018071380598969622,0.8903668112035628,12,52,0,1
44,2012-02-10,325377.97,1,33.73,3.116,130.3849032,5.774,2012,1,0,-0.433883739117558,-0.9009688679024191,0.8660254037844386,0.5000000000000001,263917.85,298559.02,291290.9644444444,-0.0009618467457518376,0.0024130730297893255,0.8458338216336576,2,6,0,0
44,2012-09-07,338737.33,1,70.65,3.689,130.9325484,5.407,2012,3,0,-0.433883739117558,-0.9009688679024191,-1.0,-1.8369701987210297e-16,325377.97,309290.54,296035.60099999997,0.18388960205391536,0.004200219400860794,0.7920719559357788,9,36,0,0
45,2010-09-10,721460.22,1,70.87,2.699,182.598178,8.743,2010,3,0,-0.433883739117558,-0.9009688679024191,-1.0,-1.8369701987210297e-16,656988.64,689224.4299999999,689224.4299999999,-0.026685899747565966,0.0033841804530931885,1.0106229265642521,9,36,0,0
45,2010-11-26,1182500.16,1,46.15,3.039,182.7832769,8.724,2010,4,0,-0.433883739117558,-0.9009688679024191,-0.5000000000000004,0.8660254037844384,721460.22,853649.6733333333,853649.6733333333,0.12597258243794007,0.0010136952187991266,1.00842667406457,11,47,1,0
45,2010-12-31,679156.2,1,29.67,3.179,182.5714479,8.724,2010,4,1,-0.433883739117558,-0.9009688679024191,-2.4492935982947064e-16,1.0,1182500.16,810026.3049999999,810026.3049999999,0.04606778545574186,-0.0011589079897932342,1.00842667406457,12,52,0,1
45,2011-02-11,766456.0,1,30.3,3.239,183.7016129,8.549,2011,1,0,-0.433883739117558,-0.9009688679024191,0.8660254037844386,0.5000000000000001,679156.2,837393.145,801312.244,0.01887385970430966,0.0061902614729714145,0.9881980326201292,2,6,0,0
45,2011-09-09,746129.56,1,71.48,3.738,186.6737376,8.625,2011,3,0,-0.433883739117558,-0.9009688679024191,-1.0,-1.8369701987210297e-16,766456.0,843560.48,792115.13,0.15405989502933015,0.01617908875747287,0.9969830426188577,9,36,0,0
45,2011-11-25,1170672.94,1,48.71,3.492,188.3504,8.523,2011,4,0,-0.433883739117558,-0.9009688679024191,-0.5000000000000004,0.8660254037844384,746129.56,840603.675,846194.8171428571,-0.0658105939004815,0.00898177977018233,0.9851926344626695,11,47,1,0
45,2011-12-30,869403.63,1,37.79,3.389,189.0620155,8.523,2011,4,0,-0.433883739117558,-0.9009688679024191,-2.4492935982947064e-16,1.0,1170672.94,888165.5325,849095.91875,-0.029495990836197028,0.0037781470068551926,0.9851926344626695,12,52,0,1
45,2012-02-10,803657.12,1,37.0,3.64,189.7076048,8.424,2012,1,0,-0.433883739117558,-0.9009688679024191,0.8660254037844386,0.5000000000000001,869403.63,897465.8125,844047.1633333333,0.07406314547064041,0.003414695957263847,0.9737490030169573,2,6,0,0
45,2012-09-07,766512.66,1,75.7,3.911,191.5776756,8.684,2012,3,0,-0.433883739117558,-0.9009688679024191,-1.0,-1.8369701987210297e-16,803657.12,902561.5875,836293.713,0.07445054945054941,0.009857648047222556,1.0038029845915548,9,36,0,0
